Gene_ID,go_ID,go_Description,ipr_ID,ipr_Description,kegg_orthologs_ID,kegg_orthologs_Description,kegg_pathways_ID,kegg_pathways_Description,分析
Ghir_A10G006320,,,,,,,,,
Ghir_D04G010630,GO:0019646; GO:0016020; GO:0015002,Biological Process:aerobic electron transport chain; Cellular Component:membrane; Molecular Function:heme-copper terminal oxidase activity,IPR000298; IPR024791; IPR035973,Cytochrome c oxidase subunit III-like; Cytochrome c oxidase subunit III; Cytochrome c oxidase subunit III-like superfamily,K02262,cytochrome c oxidase subunit 3,ko00190; ko01522; ko04260; ko04714; ko04932; ko05010; ko05012; ko05016,Oxidative phosphorylation; Endocrine resistance; Cardiac muscle contraction; Thermogenesis; Non-alcoholic fatty liver disease (NAFLD); Alzheimer disease; Parkinson disease; Huntington disease,"为了分析这段基因功能描述与您的研究方向的关联性，我需要了解您的研究课题的具体内容。不过，基于提供的基因功能描述，我可以进行以下通用分析：

1. **基因功能描述的核心信息**：
   - **生物过程**：参与有氧电子传递链（能量代谢的核心途径，与线粒体呼吸或细菌需氧呼吸相关）。
   - **细胞组分**：定位在膜上（可能涉及线粒体内膜、细菌质膜等）。
   - **分子功能**：具有**血红素-铜末端氧化酶活性**（催化氧气还原为水，是电子传递链的末端酶，如细胞色素c氧化酶）。

2. **潜在关联方向**（供您对照）：
   - **线粒体与能量代谢**：若您研究细胞呼吸、ATP生成或代谢疾病（如线粒体功能障碍），此基因可能是关键调控靶点。
   - **微生物需氧呼吸**：若涉及病原菌耐药性或环境微生物的氧化磷酸化，该酶可能是潜在干预靶标。
   - **氧化应激与信号传导**：末端氧化酶与活性氧（ROS）生成相关，可能关联氧化损伤或细胞信号研究。
   - **酶学或结构生物学**：若聚焦酶催化机制，血红素-铜中心的结构与功能值得深入。

3. **简洁总结**：
   该基因编码的蛋白作为有氧电子传递链的末端氧化酶，通过血红素-铜催化氧还原，驱动能量转换。其膜定位提示可能在呼吸链复合体组装或跨膜质子梯度形成中起核心作用。若您的研究涉及生物能量学、微生物呼吸或相关疾病机制，此基因可能是关键分子。

请补充您的研究主题，我可进一步细化关联性！"
Ghir_Scaffold1202G000010,,,,,,,,,
Ghir_A04G004040,GO:0006397; GO:0009507,Biological Process:mRNA processing; Cellular Component:chloroplast,IPR002866; IPR024937; IPR024942,"Maturase MatK; Domain X; Maturase MatK, N-terminal domain",K20000,maturase K,ko01522,Endocrine resistance,"### 分析基因功能描述与研究方向的关联

1. **Biological Process: mRNA processing**  
   - **mRNA processing** 涉及转录后的RNA修饰、剪接、加帽和加尾等步骤，是基因表达调控的关键环节。  
   - 若您的研究方向与 **基因表达调控、转录后修饰** 或 **RNA代谢** 相关（如非编码RNA、剪接变异体、翻译效率等），此基因可能通过影响mRNA的稳定性或翻译效率间接调控目标生物学过程。  
   - **潜在关联**：若您关注植物对环境胁迫的响应（如应激相关基因的mRNA加工），此功能可能解释表型变化的分子机制。

2. **Cellular Component: chloroplast**  
   - **叶绿体** 是植物光合作用和部分代谢（如氨基酸合成）的场所，其基因表达依赖核基因组与质体基因组的协同调控。  
   - 若您的研究涉及 **光合作用、叶绿体发育、植物胁迫响应**（如高温/干旱对叶绿体功能的影响），此基因的定位提示其可能参与这些过程。  
   - **潜在关联**：叶绿体mRNA加工可能影响光合相关蛋白的合成，从而间接调控植物生长或抗逆性。

---

### 简洁总结  
**若您的研究方向为植物分子生物学（如叶绿体基因表达、环境胁迫响应），该基因可能通过调控叶绿体内的mRNA加工过程，影响光合作用或应激相关蛋白的合成，进而与您的课题（如植物抗逆机制、光合效率调控）相关联。**  

如需更精准的关联分析，请提供您的具体研究方向或关键词（如“植物耐盐性”“叶绿体RNA编辑”等）。"
Ghir_Scaffold2206G000050,,,,,,,,,
Ghir_D12G011910,,,,,,,,,
Ghir_Scaffold1033G000010,,,,,,,,,
Ghir_A02G002640,GO:0009058; GO:0003824; GO:0016746; GO:0016747,"Biological Process:biosynthetic process; Molecular Function:catalytic activity; Molecular Function:transferase activity, transferring acyl groups; Molecular Function:transferase activity, transferring acyl groups other than amino-acyl groups",IPR001099; IPR011141; IPR012328; IPR016039; IPR018088,"Chalcone/stilbene synthase, N-terminal; Polyketide synthase, type III; Chalcone/stilbene synthase, C-terminal; Thiolase-like; Chalcone/stilbene synthase, active site",K00660,chalcone synthase [EC:2.3.1.74],ko00941; ko01522; ko04712,Flavonoid biosynthesis; Endocrine resistance; Circadian rhythm - plant,"您提供的基因功能描述涉及以下几个关键生物学特性：  
1. **生物合成过程**（参与代谢物或大分子的合成）  
2. **催化活性**（作为酶促进化学反应）  
3. **酰基转移酶活性**（特异性催化非氨基酰基基团的转移）  

### **与您研究方向的潜在关联性分析**  
- **代谢工程/合成生物学**：若您的研究涉及代谢途径改造（如脂类、聚酮化合物等），该基因可能参与关键合成步骤。  
- **酶机制研究**：其酰基转移功能可解析特定底物修饰机制（如乙酰化、丙酰化等），适用于酶学或药物靶点研究。  
- **次级代谢产物**：若研究方向为抗生素或天然产物合成，此类基因可能关联前体修饰或链延伸过程。  

### **简洁总结**  
该基因编码一种催化非氨基酰基转移的合成酶，可能在代谢物生物合成（如脂类、糖类衍生物）或次级代谢途径中起关键作用，适合探究酶功能、代谢网络或生物合成应用。  

如需更精准的关联分析，请补充您的具体研究方向（如疾病机制、作物改良等）。"
Ghir_D13G002250,GO:0016872,Molecular Function:intramolecular lyase activity,IPR016087; IPR016088; IPR016089; IPR036298,"Chalcone isomerase; Chalcone isomerase, 3-layer sandwich; Chalcone isomerase, orthogonal bundle domain superfamily; Chalcone isomerase superfamily",K01859,chalcone isomerase [EC:5.5.1.6],ko00941,Flavonoid biosynthesis,"### 分析基因功能描述与生物学研究方向的关联

1. **分子功能：分子内裂解酶活性（intramolecular lyase activity）**  
   - **裂解酶（lyase）**是一类催化非水解性化学键断裂（或形成）的酶，通常涉及C-C、C-O、C-N等键的裂解或合成，**不依赖水解或氧化还原反应**。  
   - **分子内裂解酶（intramolecular lyase）**特指催化同一分子内化学键重排或裂解的酶，例如：  
     - **醛缩酶**（催化醛糖裂解为二羟丙酮磷酸和甘油醛-3-磷酸）。  
     - **环化酶**（如鸟苷酸环化酶，催化GTP生成cGMP）。  

2. **潜在研究方向关联**  
   - **代谢通路**：若研究涉及糖代谢、信号分子（如cAMP/cGMP）合成或核苷酸代谢，此基因可能参与关键步骤。  
   - **结构生物学**：可探究该酶的分子内催化机制（如活性位点构象变化）。  
   - **疾病机制**：若该基因突变可能导致代谢紊乱（如遗传性果糖不耐受）或信号传导异常（如心血管疾病）。  

### 简洁总结  
该基因的分子内裂解酶活性提示其在代谢或信号转导中可能通过催化分子内化学键重排发挥作用，若您的研究涉及相关通路、酶机制或疾病模型，此基因可能是潜在调控靶点或功能标记。建议进一步结合基因表达数据或表型分析验证其具体角色。  

（注：如需更精准的关联分析，请提供您的具体研究方向或背景。）"
Ghir_D06G007990,,,IPR027806,Harbinger transposase-derived nuclease domain,,,,,
Ghir_A11G033440,GO:0007017; GO:0005874; GO:0005525; GO:0003924; GO:0005200,Biological Process:microtubule-based process; Cellular Component:microtubule; Molecular Function:GTP binding; Molecular Function:GTPase activity; Molecular Function:structural constituent of cytoskeleton,IPR000217; IPR002453; IPR003008; IPR008280; IPR013838; IPR017975; IPR018316; IPR023123; IPR036525; IPR037103,"Tubulin; Beta tubulin; Tubulin/FtsZ, GTPase domain; Tubulin/FtsZ, C-terminal; Beta tubulin, autoregulation binding site; Tubulin, conserved site; Tubulin/FtsZ, 2-layer sandwich domain; Tubulin, C-terminal; Tubulin/FtsZ, GTPase domain superfamily; Tubulin/FtsZ, C-terminal domain superfamily",K07375,tubulin beta,ko01522; ko04145; ko04540; ko05130,Endocrine resistance; Phagosome; Gap junction; Pathogenic Escherichia coli infection,"### 分析基因功能描述与生物学研究的关联

该基因的功能描述主要涉及**微管（microtubule）相关的生物学过程**，并具有多个与细胞骨架和GTP酶活性相关的分子功能。以下是具体分析：

1. **微管相关过程（microtubule-based process）**  
   - 微管是细胞骨架的重要组成部分，参与多种关键细胞活动，如细胞分裂（纺锤体形成）、细胞内运输、细胞形态维持和细胞运动。  
   - 若您的研究方向涉及**细胞分裂、细胞迁移、神经元轴突运输或纤毛/鞭毛功能**，此基因可能直接相关。

2. **微管结构（structural constituent of cytoskeleton）**  
   - 该基因编码的蛋白可能是微管的组成单元（如微管蛋白家族）或调节蛋白（如MAPs）。  
   - 若研究**细胞骨架动力学、细胞力学或发育生物学**（如胚胎发生中的细胞形态变化），此基因可能很重要。

3. **GTP结合与GTP酶活性（GTP binding & GTPase activity）**  
   - 典型例子是微管蛋白（α/β-tubulin）通过结合和水解GTP调节微管的聚合/解聚动态不稳定性。  
   - 若研究**微管动态调控、信号转导或肿瘤治疗**（如靶向微管的化疗药物），此功能至关重要。

4. **潜在研究方向关联**  
   - **癌症生物学**：微管抑制剂（如紫杉醇）靶向此类基因产物，用于抗肿瘤治疗。  
   - **神经退行性疾病**：微管功能障碍与阿尔茨海默病（tau蛋白病理）或轴突运输缺陷相关。  
   - **发育生物学**：纤毛功能依赖微管，与多种遗传病（如多囊肾）有关。

---

### 简洁总结  
该基因编码一种**微管相关蛋白**，具有GTP酶活性，可能通过调节微管动态性影响细胞分裂、运动或形态。若您的研究涉及**细胞骨架、有丝分裂、细胞内运输或相关疾病机制**（如癌症、神经退行性疾病），此基因值得重点关注。"
Ghir_A13G020580,,,IPR027806,Harbinger transposase-derived nuclease domain,,,,,
Ghir_Scaffold735G000010,,,,,,,,,
Ghir_D10G003960,GO:0005992; GO:0003824,Biological Process:trehalose biosynthetic process; Molecular Function:catalytic activity,IPR001830; IPR003337; IPR006379; IPR023214; IPR036412,"Glycosyl transferase, family 20; Trehalose-phosphatase; HAD-superfamily hydrolase, subfamily IIB; HAD superfamily; HAD-like superfamily",K16055,trehalose 6-phosphate synthase/phosphatase [EC:2.4.1.15 3.1.3.12],ko00500; ko01522,Starch and sucrose metabolism; Endocrine resistance,"为了更准确地分析该基因功能描述与您研究方向的关联，我需要了解您的研究方向具体是什么（例如：代谢调控、应激反应、酶学机制等）。不过，基于提供的基因功能信息，我可以先做一个通用分析：

---

### **关联性分析**
1. **海藻糖生物合成（Trehalose Biosynthetic Process）**  
   - 若您研究涉及 **应激耐受**（如干旱、高温）、**能量代谢** 或 **细胞保护机制**，该基因可能直接相关，因为海藻糖是已知的应激保护剂和稳定分子。  
   - 若您关注 **微生物/植物抗逆性**（如病原体存活、休眠状态），海藻糖合成基因是关键靶点。  

2. **催化活性（Catalytic Activity）**  
   - 若您研究 **酶动力学**、**蛋白质功能** 或 **代谢通路调控**，该基因可能编码一种催化酶（如海藻糖-6-磷酸合成酶），可作为机制研究的切入点。  

---

### **简洁总结**  
该基因通过催化海藻糖生物合成，可能参与应激响应或代谢调控。若您的研究涉及 **抗逆机制、能量代谢或酶功能**，其关联性较高；具体需结合您课题的生物学模型或目标（如疾病、农业应用）进一步验证。

---

如需更精准的分析，请补充您的研究方向细节（如物种、疾病或具体科学问题）。"
Ghir_D05G039560,,,,,,,,,
Ghir_D05G039580,,,,,,,,,
Ghir_D10G022010,GO:0015991; GO:0015986; GO:0045263; GO:0033177; GO:0015078,"Biological Process:ATP hydrolysis coupled proton transport; Biological Process:ATP synthesis coupled proton transport; Cellular Component:proton-transporting ATP synthase complex, coupling factor F(o); Cellular Component:proton-transporting two-sector ATPase complex, proton-transporting domain; Molecular Function:proton transmembrane transporter activity",IPR000454; IPR002379; IPR005953; IPR020537; IPR035921; IPR038662,"ATP synthase, F0 complex, subunit C; V-ATPase proteolipid subunit C-like domain; ATP synthase, F0 complex, subunit C, bacterial/chloroplast; ATP synthase, F0 complex, subunit C, DCCD-binding site; F/V-ATP synthase subunit C superfamily; F1F0 ATP synthase subunit C superfamily",,,ko00190; ko00195; ko01522,Oxidative phosphorylation; Photosynthesis; Endocrine resistance,"您的基因功能描述涉及**线粒体或细菌中的ATP合成酶/质子泵（F-type ATPase）**的核心功能，与能量代谢（ATP合成/水解）和跨膜质子转运直接相关。以下是根据不同研究方向的潜在关联分析：

---

### **关键关联点总结：**
1. **能量代谢机制**  
   - 若您研究细胞能量稳态（如线粒体功能、氧化磷酸化、细菌产能），该基因编码的**F₀F₁-ATP合酶**是关键分子机器，催化ATP合成与水解，并依赖质子梯度（化学渗透偶联）。

2. **跨膜转运与膜生物学**  
   - 若关注膜蛋白（如质子泵、转运体）的结构与功能，该基因的**质子跨膜转运活性**和**多亚基复合体组装**（F₀质子通道）可为模型系统。

3. **疾病或胁迫响应**  
   - 若涉及线粒体疾病、神经退行性疾病或细菌耐药性，该基因的功能异常可能导致ATP不足或质子泄漏，影响细胞存活。

4. **合成生物学或生物工程**  
   - 若设计人工能量转换系统（如合成ATP工厂），可借鉴其**质子驱动旋转催化机制**的仿生应用。

---

### **简洁总结：**  
该基因编码**F-type ATP合酶的质子转运组分（F₀）**，通过偶联质子跨膜运输与ATP合成/水解，驱动细胞能量转换。若您的研究涉及**能量代谢、膜转运、相关疾病或生物工程**，该基因可能是核心调控靶点或机制模型。

如需进一步细化，请补充您的具体研究方向（如疾病模型、分子机制等）。"
Ghir_D06G023790,GO:0019684; GO:0009767; GO:0016020; GO:0009521; GO:0016168,"Biological Process:photosynthesis, light reaction; Biological Process:photosynthetic electron transport chain; Cellular Component:membrane; Cellular Component:photosystem; Molecular Function:chlorophyll binding",IPR000932; IPR036001,Photosystem antenna protein-like; Photosystem antenna protein-like superfamily,K02705,photosystem II CP43 chlorophyll apoprotein,ko00195; ko01522,Photosynthesis; Endocrine resistance,"您的基因功能描述涉及光合作用、光反应、光合电子传递链、膜结构、光系统以及叶绿素结合，这表明您的研究方向可能与植物生物学、光合机制或光能转化相关。以下是简洁总结：

**关联总结**：  
该基因核心功能为参与光合作用的光反应阶段（电子传递链、叶绿素结合），定位于膜结合的光系统复合体。若您的研究涉及 **植物能量代谢、光合效率调控、光系统结构/功能** 或 **人工光合作用**，此基因可能是关键靶点。若方向为 **非光生物**（如动物/微生物），可探讨其同源蛋白的电子传递功能或膜蛋白演化意义。  

**潜在应用方向**：  
- 作物光合效能改良  
- 光系统损伤修复机制  
- 生物能源（如光合制氢）  
- 叶绿素相关传感器设计  

如需更精准分析，请补充您的研究背景。"
Ghir_D09G022660,,,,,,,,,
Ghir_D13G005680,GO:0006468; GO:0007165; GO:0005524; GO:0005515; GO:0004672; GO:0005102,Biological Process:protein phosphorylation; Biological Process:signal transduction; Molecular Function:ATP binding; Molecular Function:protein binding; Molecular Function:protein kinase activity; Molecular Function:signaling receptor binding,IPR000719; IPR001245; IPR001611; IPR011009; IPR013210; IPR017441; IPR031048; IPR032675,"Protein kinase domain; Serine-threonine/tyrosine-protein kinase, catalytic domain; Leucine-rich repeat; Protein kinase-like domain superfamily; Leucine-rich repeat-containing N-terminal, plant-type; Protein kinase, ATP binding site; Somatic embryogenesis receptor kinase; Leucine-rich repeat domain superfamily",K13416,brassinosteroid insensitive 1-associated receptor kinase 1 [EC:2.7.10.1 2.7.11.1],ko01522; ko04016; ko04075; ko04626,Endocrine resistance; MAPK signaling pathway - plant; Plant hormone signal transduction; Plant-pathogen interaction,"### 分析基因功能描述与研究方向的关联

您提供的基因功能描述表明该基因参与多个关键的生物学过程和分子功能，包括：

1. **蛋白磷酸化**（Protein phosphorylation）：这是细胞信号转导中的核心机制，通过添加磷酸基团调控蛋白活性。
2. **信号转导**（Signal transduction）：表明该基因参与细胞对外界或内部信号的响应通路。
3. **ATP结合**（ATP binding）和**蛋白激酶活性**（Protein kinase activity）：提示该基因可能编码一种激酶，利用ATP磷酸化靶蛋白。
4. **蛋白结合**（Protein binding）和**信号受体结合**（Signaling receptor binding）：说明该基因产物可通过蛋白互作参与信号复合物的形成或受体调控。

### 与生物学研究的潜在关联
- **研究方向1：细胞信号通路**  
  若您研究细胞通信（如生长因子、免疫或代谢信号通路），该基因可能是某条通路的关键激酶（如MAPK、AKT家族成员），调控下游靶标。
  
- **研究方向2：疾病机制**  
  激酶功能异常常与癌症、自身免疫疾病相关（如突变导致持续活化）。可探索该基因是否在特定疾病中突变或表达失调。
  
- **研究方向3：蛋白翻译后修饰**  
  若关注磷酸化调控（如转录因子激活、酶开关），该基因可能提供实验靶点。

### 简洁总结
该基因编码一种**信号转导相关的蛋白激酶**，通过磷酸化靶蛋白传递信号，可能涉及受体互作和ATP依赖的催化活性。若您的研究涉及细胞信号网络、激酶功能或磷酸化调控，该基因可能是关键分子，值得进一步验证其通路定位、互作蛋白及病理关联。"
Ghir_A01G009610,GO:0016021; GO:0005319,Cellular Component:integral component of membrane; Molecular Function:lipid transporter activity,IPR000731; IPR003392; IPR004765; IPR032190,"Sterol-sensing domain; Protein patched/dispatched; NPC1-like; Niemann-Pick C1, N-terminal",,,ko01522; ko04142; ko04979,Endocrine resistance; Lysosome; Cholesterol metabolism,"为了分析这段基因功能描述与您研究方向的关联性，我需要先了解您的具体研究领域（例如细胞膜运输、脂代谢、疾病机制等）。假设您的研究与 **细胞膜结构、脂质代谢或膜运输相关**，以下是关键关联点分析及总结：

---

### **关联性分析**  
1. **细胞膜定位（Integral component of membrane）**  
   - 该基因编码的蛋白质嵌入细胞膜中，可能参与膜稳定性、信号传导或物质跨膜运输。若您研究膜蛋白功能（如受体、通道蛋白），此基因可能是潜在调控靶点。  

2. **脂质转运活性（Lipid transporter activity）**  
   - 直接关联脂质代谢、膜动态平衡或脂筏形成等过程。若您的课题涉及 **脂质分布异常**（如代谢疾病、神经退行性疾病）或 **膜 trafficking**（如外泌体分泌），此基因可能通过调控脂质流动影响表型。  

3. **潜在研究方向延伸**  
   - **疾病机制**：如动脉粥样硬化（胆固醇转运）、溶酶体贮积症（脂质降解缺陷）。  
   - **药物开发**：靶向该基因的脂质转运功能可能调节病理状态。  

---

### **简洁总结**  
该基因通过作为膜整合蛋白和脂质转运体，可能直接参与细胞膜脂质动态平衡或相关代谢途径。若您的研究涉及 **膜生物学、脂代谢调控或相关疾病**，此基因的功能提示其可能是关键分子，值得进一步验证其在您特定模型中的作用（如敲除/过表达实验）。  

如需更精准的关联分析，请提供您的具体研究方向或疾病背景。"
Ghir_D12G011890,,,,,,,,,
Ghir_D12G011120,GO:0009073; GO:0003866; GO:0003824; GO:0016765,"Biological Process:aromatic amino acid family biosynthetic process; Molecular Function:3-phosphoshikimate 1-carboxyvinyltransferase activity; Molecular Function:catalytic activity; Molecular Function:transferase activity, transferring alkyl or aryl (other than methyl) groups",IPR001986; IPR006264; IPR013792; IPR023193; IPR036968,"Enolpyruvate transferase domain; 3-phosphoshikimate 1-carboxyvinyltransferase; RNA 3'-terminal phosphate cyclase/enolpyruvate transferase, alpha/beta; 3-phosphoshikimate 1-carboxyvinyltransferase, conserved site; Enolpyruvate transferase domain superfamily",K00800,3-phosphoshikimate 1-carboxyvinyltransferase [EC:2.5.1.19],ko00400,"Phenylalanine, tyrosine and tryptophan biosynthesis","为了分析这段基因功能描述与您的研究方向的关联性，我需要了解您具体的生物学研究领域（如代谢调控、酶学机制、植物/微生物次级代谢等）。不过，基于提供的基因功能信息，我可以先进行通用分析，您可根据实际研究方向调整重点：

---

### **基因功能关键点解析**
1. **生物过程**  
   - 参与 **芳香族氨基酸生物合成**（苯丙氨酸、酪氨酸、色氨酸前体途径），可能与以下方向相关：  
     - 植物/微生物的次级代谢产物合成（如酚类、生物碱）  
     - 必需氨基酸代谢调控  
     - 抗生素或药物前体生产（如大肠杆菌的莽草酸途径）

2. **分子功能**  
   - **3-磷酸莽草酸-1-羧基乙烯基转移酶活性**（EPSP合酶）：  
     - 催化莽草酸途径的关键步骤，是草甘膦除草剂的靶点，可能关联：  
       - 抗除草剂作物研究  
       - 微生物耐药性机制  
   - 转移酶活性（烷基/芳基转移）：  
     - 可能涉及特殊修饰反应，如天然产物结构多样化。

---

### **与潜在研究方向的关联总结**
若您的研究涉及：  
✅ **代谢工程**（如改造微生物生产芳香族化合物）  
✅ **酶催化机制**（如转移酶的结构-功能关系）  
✅ **抗除草剂基因**（如EPSP合酶突变研究）  
✅ **天然产物合成**（植物/真菌的芳香衍生物）  

该基因可能是您通路分析、酶学表征或遗传改造的候选靶点。

---

### **简洁总结**  
该基因编码莽草酸途径中的EPSP合酶，催化芳香族氨基酸合成的关键步骤，其转移酶功能可能关联次级代谢修饰。若您研究代谢调控、酶工程或抗性机制，该基因值得重点关注。

请补充您的具体研究方向，我可进一步细化关联分析！"
Ghir_A05G043180,,,,,,,,,
Ghir_D08G008700,,,,,,,,,
Ghir_A11G015470,GO:0015977; GO:0000287; GO:0016984,Biological Process:carbon fixation; Molecular Function:magnesium ion binding; Molecular Function:ribulose-bisphosphate carboxylase activity,IPR000685; IPR017443; IPR020878; IPR020888; IPR033966; IPR036376; IPR036422,"Ribulose bisphosphate carboxylase, large subunit, C-terminal; Ribulose bisphosphate carboxylase, large subunit, ferrodoxin-like N-terminal; Ribulose bisphosphate carboxylase, large chain, active site; Ribulose bisphosphate carboxylase large subunit, type I; RuBisCO; Ribulose bisphosphate carboxylase, large subunit, C-terminal domain superfamily; RuBisCO large subunit, N-terminal domain superfamily",K01601,ribulose-bisphosphate carboxylase large chain [EC:4.1.1.39],ko00630; ko00710,Glyoxylate and dicarboxylate metabolism; Carbon fixation in photosynthetic organisms,"根据您提供的基因功能描述，该基因主要参与**光合作用的碳固定过程**，其分子功能涉及**镁离子结合**和**核酮糖-1,5-二磷酸羧化酶（RuBisCO）活性**。以下是与生物学研究可能的关联分析及总结：

### 关联分析：
1. **光合作用与能量代谢**  
   - 若您的研究涉及植物、藻类或光合细菌的碳代谢、能量转换或生产力调控，该基因可能直接影响光合效率或CO₂同化速率。

2. **酶机制与结构生物学**  
   - RuBisCO是地球上最丰富的酶，其活性依赖镁离子。研究该基因可帮助解析酶催化机制、金属离子协同作用，或改造酶活性以优化碳固定（如合成生物学方向）。

3. **环境适应与气候变化**  
   - 碳固定效率与植物响应高温/高CO₂环境相关。该基因可能成为作物抗逆性（如耐旱、高温适应性）研究的靶点。

4. **生物地球化学循环**  
   - 若课题涉及碳循环模型或生态系统碳汇，该基因的功能可关联到宏观尺度的碳流动分析。

### 简洁总结：  
该基因通过编码RuBisCO（依赖镁离子）驱动光合碳固定，可能关联您研究中光合效率调控、酶功能优化、环境适应性或碳循环机制等方向。建议结合具体模型（如植物、微生物或酶工程）进一步验证其作用。  

如需更精准的关联，请补充您的研究背景或目标（如物种、生理过程或应用场景）。"
Ghir_D04G010580,GO:0046034; GO:1902600,Biological Process:ATP metabolic process; Biological Process:proton transmembrane transport,IPR004100; IPR023366; IPR027417; IPR036121,"ATPase, F1/V1/A1 complex, alpha/beta subunit, N-terminal domain; ATP synthase subunit alpha, N-terminal domain-like superfamily; P-loop containing nucleoside triphosphate hydrolase; ATPase, F1/V1/A1 complex, alpha/beta subunit, N-terminal domain superfamily",,,ko00190; ko04714; ko05010; ko05012; ko05016,Oxidative phosphorylation; Thermogenesis; Alzheimer disease; Parkinson disease; Huntington disease,"为了更准确地分析该基因功能描述与您研究方向的关联性，我需要了解您具体的生物学研究课题方向（如细胞能量代谢、线粒体功能、癌症代谢重编程等）。以下是基于不同常见研究方向的关联性分析模板，您可根据实际情况调整：

---

### **关联性分析模板**
#### 若您的研究涉及 **细胞能量代谢**（如线粒体、氧化磷酸化）：
- **ATP代谢过程**：直接关联细胞能量产生（ATP合成/水解），可能影响您研究的代谢通路效率或能量稳态调控。
- **质子跨膜运输**：通常与线粒体电子传递链（ETC）或ATP合酶功能相关，是氧化磷酸化的核心环节。若您关注能量转换机制或相关疾病（如线粒体病），此基因可能是关键调控点。

#### 若您研究 **微生物抗逆性/极端环境适应**：
- 质子运输可能参与维持细胞内pH或膜电位，与耐酸/耐碱等抗逆性相关；ATP代谢则反映能量供应策略变化。

#### 若您聚焦 **癌症代谢**：
- 肿瘤细胞依赖有氧糖酵解（Warburg效应），但部分亚群可能仍需要线粒体ATP功能。该基因的异常可能揭示代谢灵活性机制。

#### **简洁总结**（通用版）：
该基因通过调控ATP代谢与质子跨膜运输，可能参与维持细胞能量稳态及膜电势平衡。若您的研究涉及能量相关通路、离子稳态或代谢疾病，该基因的功能描述提示其可作为潜在分子靶点或调控节点。建议进一步结合实验验证其在特定生理/病理条件下的表达模式。

---
**请补充您的具体研究方向**（如神经退行性疾病、光合作用等），我将提供更精准的分析！"
Ghir_Scaffold1929G000010,,,,,,,,,
Ghir_Scaffold1276G000020,,,,,,,,,
Ghir_Scaffold3255G000010,,,,,,,,,
Ghir_A07G020040,,,,,,,,,
Ghir_D08G026680,,,IPR027806,Harbinger transposase-derived nuclease domain,,,,,
Ghir_A05G033220,,,,,,,,,
Ghir_Scaffold2841G000010,,,,,,,,,
Ghir_D06G015610,GO:0005524,Molecular Function:ATP binding,IPR003959; IPR027417,"ATPase, AAA-type, core; P-loop containing nucleoside triphosphate hydrolase",K07767,katanin p60 ATPase-containing subunit A1 [EC:5.6.1.1],ko01522,Endocrine resistance,"为了分析该基因功能描述（ATP结合）与您研究方向的关联性，我需要了解您具体的研究课题。不过，基于ATP结合的普遍生物学意义，我可以提供以下通用分析框架和总结建议：

---

### **关联性分析**
1. **能量代谢相关研究**  
   - 若您研究细胞代谢（如糖酵解、氧化磷酸化）、线粒体功能或能量调控，ATP结合蛋白（如激酶、ATP合成酶、转运蛋白）可能是核心研究对象。

2. **信号转导与调控**  
   - ATP结合是激酶（如PKA、PKC）的典型特征，若您关注细胞信号通路（如生长因子通路、应激响应），此基因可能参与磷酸化调控。

3. **分子马达或转运蛋白**  
   - 若涉及细胞运动（肌球蛋白）或跨膜运输（ABC转运体），ATP结合功能直接关联其机械或化学能转化机制。

4. **疾病机制（如癌症、神经退行性疾病）**  
   - ATP代谢异常常见于肿瘤（Warburg效应）或神经细胞能量衰竭，相关基因可能是潜在治疗靶点。

5. **合成生物学或酶工程**  
   - 若您设计ATP依赖的合成通路或优化酶活性，需明确ATP结合域的结构与功能。

---

### **简洁总结模板**
> 该基因的ATP结合功能提示其可能参与能量依赖的细胞过程（如代谢、信号转导或物质运输）。若您的研究涉及______（此处填充您的研究方向，如“肿瘤能量代谢”），该基因或通过调控ATP利用影响相关表型，值得进一步验证其上下游机制。

---

**请补充您的具体研究方向**（如细胞凋亡、细菌耐药性等），我将提供更精准的关联分析！  

（注：ATP结合是约20%蛋白质的共有功能，需结合其他注释如亚细胞定位或通路信息缩小关联范围。）"
Ghir_A01G022160,GO:0006816; GO:0006812; GO:0055085; GO:0016021; GO:0015369; GO:0008324,Biological Process:calcium ion transport; Biological Process:cation transport; Biological Process:transmembrane transport; Cellular Component:integral component of membrane; Molecular Function:calcium:proton antiporter activity; Molecular Function:cation transmembrane transporter activity,IPR004713; IPR004798; IPR004837,Calcium/proton exchanger; Calcium/proton exchanger CAX; Sodium/calcium exchanger membrane region,,,ko01522,Endocrine resistance,"### 分析基因功能描述与生物学课题研究的关联

该基因的功能描述表明它主要参与 **钙离子（Ca²⁺）和其他阳离子的跨膜运输**，并具有 **钙:质子反向转运活性** 和 **膜整合蛋白** 的特性。以下是与生物学研究可能相关的关键点：

1. **钙信号调控**  
   - 钙离子是重要的第二信使，在细胞信号传导（如肌肉收缩、神经传递、免疫反应）中起关键作用。若您的研究涉及 **细胞信号通路**，该基因可能参与调控钙依赖性过程。

2. **离子稳态与细胞功能**  
   - 作为阳离子转运蛋白，该基因可能影响 **细胞内 pH 值、电化学梯度或离子平衡**，关联研究方向如 **细胞代谢、分泌或凋亡**。

3. **膜运输机制**  
   - 作为膜整合蛋白，其结构与功能可能对 **膜蛋白靶向、药物递送或病原体-宿主相互作用** 的研究有参考价值。

4. **疾病关联性**  
   - 钙转运异常与 **心血管疾病、神经退行性疾病或骨骼发育障碍** 相关。若您关注这些领域，该基因可能是潜在调控靶点。

---

### 简洁总结  
该基因编码一种 **钙/质子反向转运膜蛋白**，通过调控钙和其他阳离子的跨膜运输，可能影响 **细胞信号、离子稳态及膜运输过程**。若您的研究涉及 **钙依赖性生理机制、膜蛋白功能或相关疾病**，该基因值得深入探索。  

如需更具体的关联分析，请补充您的研究方向细节（如特定生理系统或疾病模型）。"
Ghir_A09G003420,,,,,,,,,
Ghir_Scaffold1523G000030,,,,,,,,,
Ghir_A05G008830,GO:0006412; GO:0005622; GO:0005840; GO:0015935; GO:0003735,Biological Process:translation; Cellular Component:intracellular; Cellular Component:ribosome; Cellular Component:small ribosomal subunit; Molecular Function:structural constituent of ribosome,IPR001865; IPR005706; IPR018130; IPR023591,"Ribosomal protein S2; Ribosomal protein S2, bacteria/mitochondria/plastid; Ribosomal protein S2, conserved site; Ribosomal protein S2, flavodoxin-like domain superfamily",K02967,small subunit ribosomal protein S2,ko01522; ko03010,Endocrine resistance; Ribosome,"为了分析该基因功能描述与您的研究方向之间的关联，我需要先了解您的研究领域或具体课题方向（例如：蛋白质合成调控、核糖体生物发生、翻译效率与疾病等）。不过，基于当前提供的基因功能信息，我可以先提供一个通用分析框架和总结建议：

---

### **基因功能关键点解析**
1. **翻译过程**（Biological Process）  
   - 直接参与蛋白质合成，若您的研究涉及基因表达调控、蛋白质合成机制（如应激响应、细胞生长）或翻译相关疾病（如癌症、神经退行性疾病），此基因可能是关键靶点。

2. **核糖体结构**（Cellular Component & Molecular Function）  
   - 定位在核糖体小亚基（small ribosomal subunit），作为核糖体的结构组分，可能影响翻译起始或延伸效率。若您关注核糖体组装异常、抗生素靶点（如某些药物结合小亚基）或核糖体病（ribosomopathies），此基因值得深入。

3. **细胞内定位**  
   - 广泛存在于胞内，若研究聚焦特定细胞区室（如线粒体核糖体）或翻译的亚细胞定位调控，需进一步确认其亚定位信息。

---

### **关联性总结建议（根据研究方向调整）**
- **若研究蛋白质合成调控**：  
  ""该基因编码核糖体小亚基的结构蛋白，是翻译机制的核心组分，可能通过影响核糖体组装或功能参与您课题中[XX通路/疾病模型]的蛋白质表达调控。""

- **若研究遗传性疾病或癌症**：  
  ""作为核糖体结构基因，其突变或表达异常可能与您关注的[疾病名称]中翻译缺陷或细胞增殖异常相关，可验证其是否作为潜在生物标志物或治疗靶点。""

- **若研究抗生素或药物开发**：  
  ""靶向核糖体小亚基的基因可能为探索新型翻译抑制剂（如类似大环内酯类抗生素机制）提供候选分子。""

---

请提供更多关于您课题的具体信息（如疾病类型、模型系统或科学问题），我将进一步细化关联性分析！"
Ghir_A05G033350,,,,,,,,,
Ghir_A06G014550,GO:0006351; GO:0003677; GO:0003899; GO:0032549,"Biological Process:transcription, DNA-templated; Molecular Function:DNA binding; Molecular Function:DNA-directed 5'-3' RNA polymerase activity; Molecular Function:ribonucleoside binding",IPR007120; IPR007121; IPR007641; IPR007642; IPR007644; IPR007645; IPR010243; IPR014724; IPR015712; IPR037033; IPR037034,"DNA-directed RNA polymerase, subunit 2, hybrid-binding domain; RNA polymerase, beta subunit, conserved site; RNA polymerase Rpb2, domain 7; RNA polymerase Rpb2, domain 2; RNA polymerase, beta subunit, protrusion; RNA polymerase Rpb2, domain 3; DNA-directed RNA polymerase beta subunit, bacterial-type; RNA polymerase Rpb2, OB-fold; DNA-directed RNA polymerase, subunit 2; DNA-directed RNA polymerase, subunit 2, hybrid-binding domain superfamily; RNA polymerase Rpb2, domain 2 superfamily",K03043,DNA-directed RNA polymerase subunit beta [EC:2.7.7.6],ko00230; ko00240; ko01522; ko03020,Purine metabolism; Pyrimidine metabolism; Endocrine resistance; RNA polymerase,"为了分析该基因功能描述与您的研究方向的关联性，我需要您提供您目前研究的生物学领域或具体课题（例如：转录调控、基因表达、癌症机制等）。不过，根据您给出的基因功能描述，我可以先进行初步解析：

### 基因功能核心信息：
1. **生物学过程**：参与 **DNA模板转录**（基因表达的核心步骤）。  
2. **分子功能**：  
   - **DNA结合**（可能作为转录因子或RNA聚合酶亚基）。  
   - **DNA依赖的5'-3' RNA聚合酶活性**（直接催化转录，可能是RNA聚合酶的核心组分）。  
   - **核糖核苷结合**（与转录底物结合相关）。  

### 潜在关联方向（供参考）：
- 若您研究 **转录调控**：该基因可能编码RNA聚合酶亚基或转录辅因子，参与启动子识别或转录延伸。  
- 若涉及 **基因表达异常**（如癌症、发育疾病）：该基因的突变或表达变化可能影响全局转录。  
- 若关注 **表观遗传或非编码RNA**：其聚合酶活性可能与lncRNA或启动子近端暂停相关。  

### 简洁总结：
该基因编码一个具有 **RNA聚合酶活性**和 **DNA结合能力**的蛋白，直接参与转录过程，可能作为转录机器核心组分或调控因子。其功能与基因表达调控、遗传信息传递或相关疾病机制高度相关。  

请补充您的研究方向，我将进一步细化关联性分析！"
Ghir_A07G023720,GO:0009435; GO:0055114; GO:0005737; GO:0008734; GO:0016491,Biological Process:NAD biosynthetic process; Biological Process:oxidation-reduction process; Cellular Component:cytoplasm; Molecular Function:L-aspartate oxidase activity; Molecular Function:oxidoreductase activity,IPR003953; IPR005288; IPR015939; IPR027477; IPR036188; IPR037099,"FAD-dependent oxidoreductase 2, FAD binding domain; L-aspartate oxidase; Fumarate reductase/succinate dehydrogenase flavoprotein-like, C-terminal; Succinate dehydrogenase/fumarate reductase flavoprotein, catalytic domain superfamily; FAD/NAD(P)-binding domain superfamily; Fumarate reductase/succinate dehydrogenase flavoprotein-like, C-terminal domain superfamily",K00278,L-aspartate oxidase [EC:1.4.3.16],ko00250; ko00760,"Alanine, aspartate and glutamate metabolism; Nicotinate and nicotinamide metabolism","您的基因功能描述涉及 **NAD生物合成、氧化还原过程、细胞质定位**，以及 **L-天冬氨酸氧化酶和氧化还原酶活性**。以下是与生物学研究可能关联的总结：

### **潜在关联方向：**
1. **能量代谢与细胞稳态**  
   - NAD是能量代谢（如糖酵解、线粒体呼吸）的核心辅因子，若您的研究涉及代谢调控（如癌症、衰老或神经退行性疾病），此基因可能通过NAD水平影响细胞能量平衡或氧化应激。

2. **氧化还原信号与疾病**  
   - 氧化还原酶活性可能参与活性氧（ROS）调控，与炎症、凋亡或氧化损伤相关疾病（如心血管疾病、糖尿病）有关联。

3. **微生物或植物代谢工程**  
   - 若研究方向为合成生物学，该基因的L-天冬氨酸氧化酶活性可能用于设计NAD合成途径，优化微生物生产高附加值化合物。

4. **酶机制研究**  
   - 可探索其氧化还原反应的底物特异性或结构-功能关系，为药物靶点设计提供基础（如针对病原微生物的酶抑制剂）。

### **简洁总结：**  
该基因通过调控NAD合成和氧化还原反应，可能影响细胞代谢、氧化应激及信号传导。若您的研究涉及能量代谢、疾病机制或酶工程，其功能可能直接参与相关通路，值得进一步验证。  

如需更具体分析，请提供您的研究方向细节。"
Ghir_D11G002130,,,IPR002912,ACT domain,,,,,
Ghir_A05G043210,,,,,,,,,
Ghir_A13G024830,GO:0055114; GO:0020037; GO:0005506; GO:0016705,"Biological Process:oxidation-reduction process; Molecular Function:heme binding; Molecular Function:iron ion binding; Molecular Function:oxidoreductase activity, acting on paired donors, with incorporation or reduction of molecular oxygen",IPR001128; IPR002401; IPR036396,"Cytochrome P450; Cytochrome P450, E-class, group I; Cytochrome P450 superfamily",K00487,trans-cinnamate 4-monooxygenase [EC:1.14.14.91],ko00130; ko00360; ko00940; ko00941; ko00945; ko01522,"Ubiquinone and other terpenoid-quinone biosynthesis; Phenylalanine metabolism; Phenylpropanoid biosynthesis; Flavonoid biosynthesis; Stilbenoid, diarylheptanoid and gingerol biosynthesis; Endocrine resistance","### 分析基因功能描述与生物学研究方向的关联

您提供的基因功能描述主要涉及以下几个关键点：

1. **氧化还原过程（Oxidation-reduction process）**：这表明该基因参与细胞内电子转移的生化反应，可能在能量代谢、解毒或信号转导中起重要作用。
2. **血红素结合（Heme binding）**和**铁离子结合（Iron ion binding）**：提示该基因编码的蛋白可能是含血红素的金属蛋白（如细胞色素家族），依赖铁作为辅因子发挥作用。
3. **氧化还原酶活性（作用于成对供体，伴随分子氧的掺入或还原）**：进一步明确该蛋白属于单加氧酶或双加氧酶家族（如CYP450酶），参与底物的羟基化、药物代谢或类固醇合成等过程。

---

### 与潜在研究方向的关联
1. **代谢研究**  
   - 若您研究能量代谢（如线粒体功能）、药物代谢或异生物质解毒，该基因可能参与相关通路。

2. **氧化应激与疾病**  
   - 若方向涉及ROS（活性氧）调控、衰老或神经退行性疾病（如阿尔茨海默病），该基因的氧化还原功能可能与氧化损伤保护或加剧相关。

3. **铁代谢及血液病**  
   - 对贫血、血红素合成障碍（如卟啉症）或铁过载（血色素沉着症）的研究，需关注其铁/血红素结合特性。

4. **癌症生物学**  
   - 肿瘤微环境常伴随缺氧和铁代谢紊乱，该基因可能影响癌细胞增殖或耐药性。

5. **微生物致病机制**  
   - 某些病原体依赖血红素获取铁，若研究宿主-病原体互作，该基因可能参与防御或感染过程。

---

### 简洁总结
该基因编码一种依赖血红素和铁的氧化还原酶，可能通过调控氧依赖性反应参与代谢、氧化应激或铁稳态。若您的研究涉及上述任一领域（如代谢疾病、癌症、微生物感染或自由基生物学），该基因可能是关键分子靶点或生物标志物。建议进一步结合具体模型（细胞/动物）验证其功能机制。"
Ghir_A05G033240,,,,,,,,,
Ghir_D11G035050,GO:0055114; GO:0051287; GO:0016651; GO:0048038,"Biological Process:oxidation-reduction process; Molecular Function:NAD binding; Molecular Function:oxidoreductase activity, acting on NAD(P)H; Molecular Function:quinone binding",IPR001135; IPR014029; IPR022885; IPR029014; IPR038290,"NADH-quinone oxidoreductase, subunit D; NADH:ubiquinone oxidoreductase, 49kDa subunit, conserved site; NAD(P)H-quinone oxidoreductase subunit D/H; [NiFe]-hydrogenase, large subunit; NADH-quinone oxidoreductase, subunit D superfamily",K05579,NAD(P)H-quinone oxidoreductase subunit H [EC:7.1.1.2],ko00190,Oxidative phosphorylation,"你的研究方向可能与**氧化还原反应、能量代谢、或抗氧化机制**相关，尤其是涉及**NAD(P)H依赖的氧化还原酶**和**醌类化合物代谢**的领域。  

### 简要总结：  
- **核心关联**：该基因参与氧化还原过程，依赖NAD(P)H，可能影响细胞的能量代谢、解毒或氧化应激响应。  
- **潜在研究方向**：  
  - 研究该酶在特定生理/病理条件下的作用（如代谢疾病、癌症或衰老）。  
  - 探索其对醌类底物的催化机制（可能与药物代谢或环境毒物降解相关）。  
  - 分析NAD结合位点的结构特征以设计调控分子（抑制剂/激活剂）。  

若提供你的具体课题，可进一步细化关联性分析。"
Ghir_Scaffold2629G000010,,,,,,,,,
Ghir_A03G012000,GO:0019478; GO:0051499; GO:0016788,"Biological Process:D-amino acid catabolic process; Molecular Function:D-aminoacyl-tRNA deacylase activity; Molecular Function:hydrolase activity, acting on ester bonds",IPR007508; IPR018033,"D-aminoacyl-tRNA deacylase DtdA; D-aminoacyl-tRNA deacylase, archaea",K09716,D-aminoacyl-tRNA deacylase [EC:3.1.1.96],ko01522,Endocrine resistance,"为了分析该基因功能描述与您研究方向的关联性，请先告知您的具体研究课题（如代谢通路、酶机制、神经生物学等）。不过，基于现有信息，我提供以下初步分析框架和总结模板：

---

### **关联性分析方向**
1. **若研究代谢调控**  
   - **D-氨基酸分解代谢**可能关联非经典氨基酸代谢通路，涉及细菌细胞壁合成、神经信号（如D-丝氨酸）等。  
   - **D-氨酰-tRNA脱酰酶**可防止D-氨基酸误掺入蛋白质合成，维持翻译保真性。

2. **若研究酶学机制**  
   - **水解酶活性（酯键）**提示该基因可能参与酯类底物（如tRNA酯键）的水解，适合探究酶动力学或结构-功能关系。

3. **若研究微生物或疾病**  
   - 细菌中D-氨基酸代谢常与耐药性相关，真核生物中可能与神经退行性疾病（如D-天冬氨酸异常积累）相关。

---

### **简洁总结模板**
> 该基因通过**D-氨酰-tRNA脱酰酶**和**酯键水解酶**活性，调控D-氨基酸分解代谢，可能影响（根据您的研究方向选择：蛋白质合成保真性/微生物代谢适应/神经信号传导等）。其功能与您研究的（具体课题，如“细菌耐药性中的非经典氨基酸代谢”）存在潜在交叉，尤其在（特定环节，如代谢物平衡或翻译质量控制）方面值得进一步验证。

---

请补充您的研究背景，我将提供更精准的关联分析！"
Ghir_A05G043170,,,,,,,,,
Ghir_A12G002440,GO:0006351; GO:0003677; GO:0003899; GO:0046983,"Biological Process:transcription, DNA-templated; Molecular Function:DNA binding; Molecular Function:DNA-directed 5'-3' RNA polymerase activity; Molecular Function:protein dimerization activity",IPR011260; IPR011263; IPR011773; IPR036603; IPR036643,"RNA polymerase, alpha subunit, C-terminal; DNA-directed RNA polymerase, RpoA/D/Rpb3-type; DNA-directed RNA polymerase, alpha subunit; RNA polymerase, RBP11-like subunit; DNA-directed RNA polymerase, insert domain superfamily",K03040,DNA-directed RNA polymerase subunit alpha [EC:2.7.7.6],ko00230; ko00240; ko01522; ko03020,Purine metabolism; Pyrimidine metabolism; Endocrine resistance; RNA polymerase,"为了分析该基因功能描述与您的研究方向的关联，我需要了解您的研究领域或具体课题（例如转录调控、基因表达机制、蛋白质复合物等）。不过，根据提供的基因功能描述，我可以先进行通用性分析：

**基因功能核心要点：**
1. **转录核心功能**：该基因编码的蛋白具备DNA依赖性RNA聚合酶活性，直接参与转录过程（DNA→RNA）。
2. **DNA结合能力**：可通过DNA结合域识别特定序列（如启动子），可能涉及转录起始调控。
3. **二聚化能力**：可能通过形成同源/异源二聚体调控活性，或与其他转录因子互作。

---

### 潜在关联方向（供您参考）：
- **若研究转录机制**：该基因可能是RNA聚合酶亚基或转录因子，参与基础转录装置或调控网络。
- **若研究基因表达**：其二聚化特性可能关联动态调控（如信号响应时聚合/解离）。
- **若研究蛋白复合物**：可作为探索转录预起始复合物（PIC）相互作用的靶点。
- **若研究疾病相关突变**：其功能域突变可能导致转录失调（如癌症或发育异常）。

---

**简洁总结**：  
该基因编码一个具有DNA结合和RNA聚合酶活性的转录相关蛋白，可能通过二聚化参与转录起始或调控。若您的研究涉及基因表达调控、转录复合物组装或DNA-蛋白质相互作用，该基因可能是关键分子。

请提供更多研究方向细节，以便进一步精准匹配分析！"
Ghir_A08G018450,,,IPR026992; IPR027443,Non-haem dioxygenase N-terminal domain; Isopenicillin N synthase-like,K05277,anthocyanidin synthase [EC:1.14.20.4],ko00941,Flavonoid biosynthesis,
Ghir_A06G012890,GO:0015979; GO:0016021; GO:0009522; GO:0009579; GO:0046872,Biological Process:photosynthesis; Cellular Component:integral component of membrane; Cellular Component:photosystem I; Cellular Component:thylakoid; Molecular Function:metal ion binding,IPR001280; IPR006243; IPR020586; IPR036408,"Photosystem I PsaA/PsaB; Photosystem I PsaA; Photosystem I PsaA/PsaB, conserved site; Photosystem I PsaA/PsaB superfamily",K02689,photosystem I P700 chlorophyll a apoprotein A1,ko00195; ko01522,Photosynthesis; Endocrine resistance,"为了更准确分析该基因功能描述与您研究方向的关联性，我需要了解您的研究领域具体聚焦于生物学的哪个方向。不过，基于提供的基因功能描述，我可以先进行一般性分析，并提供一个模块化的总结框架，您可根据自身研究方向调整重点：

---

### **基因功能核心分析**
1. **光合作用核心组件**  
   - 参与光系统I（Photosystem I）的电子传递链，定位在类囊体膜（thylakoid）上，直接关联光能转化与碳固定。  
   - *关联方向*：若您研究植物生理、藻类能源转化或光合效率调控，此基因可能是关键靶点。

2. **膜蛋白与金属离子结合**  
   - 作为膜整合蛋白，可能涉及光合色素或电子载体的结合（如铁硫簇、镁离子等）。  
   - *关联方向*：若您关注膜蛋白结构、金属酶催化机制或氧化还原反应，可探讨其分子相互作用。

3. **能量代谢的进化意义**  
   - 光合作用相关基因在蓝藻至高等植物的进化中高度保守。  
   - *关联方向*：若研究比较基因组学或适应性进化，可分析该基因的序列保守性/分化。

---

### **简洁总结**
**该基因编码光合系统I的膜整合蛋白，通过结合金属离子参与类囊体中的光能捕获与电子传递。若您的研究涉及光合机制、膜蛋白功能或生物能量转化，该基因可能是调控能量代谢或环境适应的关键分子。**

---

### **建议下一步**
请补充您的具体研究方向（如作物抗逆、合成生物学、微生物代谢等），我可进一步细化关联性，或推荐相关文献/实验策略。"
Ghir_A09G005460,GO:0016021,Cellular Component:integral component of membrane,IPR008896,Protein TIC214,,,,,"为了分析该基因功能描述与您研究方向的关联性，请提供您的具体研究课题或方向（例如：细胞信号传导、疾病机制、药物靶点开发等）。  

不过，基于当前信息，可初步总结如下：  

**简洁总结**  
该基因编码的蛋白质是细胞膜的**整合膜组分**（integral component of membrane），暗示其可能参与膜相关功能，如细胞间通讯、物质运输、受体信号传导或细胞结构维持。若您的研究涉及**膜蛋白功能、细胞屏障特性、跨膜信号通路或病原体-宿主相互作用**等领域，此基因可能具有直接关联。需进一步结合其分子功能（如酶活性、受体结合等）及生物过程（如免疫响应、代谢调控）深入分析。  

请补充您的具体研究方向，以便提供更精准的关联分析！"
Ghir_D03G008210,GO:0006412; GO:0005622; GO:0015934; GO:0005840; GO:0003723; GO:0003735; GO:0016740,Biological Process:translation; Cellular Component:intracellular; Cellular Component:large ribosomal subunit; Cellular Component:ribosome; Molecular Function:RNA binding; Molecular Function:structural constituent of ribosome; Molecular Function:transferase activity,IPR002171; IPR005880; IPR008991; IPR014722; IPR014726; IPR022669; IPR022671,"Ribosomal protein L2; Ribosomal protein L2, bacterial/organellar-type; Translation protein SH3-like domain superfamily; Ribosomal protein L2, domain 2; Ribosomal protein L2, domain 3; Ribosomal protein L2, C-terminal; Ribosomal protein L2, conserved site",K02886,large subunit ribosomal protein L2,ko01522; ko03010,Endocrine resistance; Ribosome,"### 分析基因功能描述与研究方向的关联

1. **翻译（Translation）**  
   - 该基因参与蛋白质合成的翻译过程，若您的研究涉及蛋白质合成、基因表达调控或翻译效率，此功能直接相关。

2. **核糖体与大亚基（Ribosome/Large Ribosomal Subunit）**  
   - 基因定位于核糖体（尤其大亚基），若您研究核糖体组装、结构或功能（如抗生素靶点、翻译缺陷疾病），此信息至关重要。

3. **RNA结合与核糖体结构（RNA Binding/Structural Constituent）**  
   - 表明该基因可能参与rRNA或mRNA的相互作用，若您探索RNA-蛋白质复合物或翻译起始/延伸机制，此功能提供分子层面的线索。

4. **转移酶活性（Transferase Activity）**  
   - 可能催化肽键形成（如23S rRNA的肽基转移酶中心），若研究翻译的生化机制或抑制剂开发（如抗生素），此活性是关键靶点。

---

### **简洁总结**  
该基因编码核糖体大亚基的结构/功能组分，通过RNA结合和转移酶活性驱动翻译过程。若您的研究涉及**蛋白质合成机制、核糖体功能、翻译相关疾病或药物靶点**，此基因可能是重要调控分子或实验对象。需结合具体课题（如衰老、癌症、病原体耐药性）进一步验证其作用。"
Ghir_A06G014890,GO:0005524,Molecular Function:ATP binding,IPR003959; IPR027417,"ATPase, AAA-type, core; P-loop containing nucleoside triphosphate hydrolase",K07767,katanin p60 ATPase-containing subunit A1 [EC:5.6.1.1],ko01522,Endocrine resistance,"为了分析该基因功能描述（ATP结合）与您研究方向的关联性，我需要了解您具体的研究课题。不过，基于ATP结合的普遍生物学意义，我可以提供以下通用分析框架和总结建议：

---

### **关联性分析**
1. **能量代谢相关研究**  
   - 若您研究细胞代谢（如糖酵解、氧化磷酸化）、线粒体功能或能量调控，ATP结合蛋白（如激酶、ATP合成酶、转运蛋白）可能是核心研究对象。

2. **信号转导与调控**  
   - ATP结合是激酶（如PKA、PKC）的典型特征，若您关注细胞信号通路（如生长因子通路、应激响应），此基因可能参与磷酸化调控。

3. **分子马达或转运蛋白**  
   - 若涉及细胞运动（肌球蛋白）或跨膜运输（ABC转运体），ATP结合功能直接关联其机械或化学能转化机制。

4. **疾病机制（如癌症、神经退行性疾病）**  
   - ATP代谢异常常见于肿瘤（Warburg效应）或神经细胞能量衰竭，相关基因可能是潜在治疗靶点。

5. **合成生物学或酶工程**  
   - 若您设计ATP依赖的合成通路或优化酶活性，需明确ATP结合域的结构与功能。

---

### **简洁总结模板**
> 该基因的ATP结合功能提示其可能参与能量依赖的细胞过程（如代谢、信号转导或物质运输）。若您的研究涉及______（此处填充您的研究方向，如“肿瘤能量代谢”），该基因或通过调控ATP利用影响相关表型，值得进一步验证其上下游机制。

---

**请补充您的具体研究方向**（如细胞凋亡、细菌耐药性等），我将提供更精准的关联分析！  

（注：ATP结合是约20%蛋白质的共有功能，需结合其他注释如亚细胞定位或通路信息缩小关联范围。）"
Ghir_A11G010940,GO:0015986; GO:0045263; GO:0015078,"Biological Process:ATP synthesis coupled proton transport; Cellular Component:proton-transporting ATP synthase complex, coupling factor F(o); Molecular Function:proton transmembrane transporter activity",IPR002146,"ATP synthase, F0 complex, subunit b/b', bacterial/chloroplast",,,ko00190; ko00195; ko01522,Oxidative phosphorylation; Photosynthesis; Endocrine resistance,"您的基因功能描述涉及 **ATP合成偶联的质子转运**，主要与 **线粒体或细菌中的氧化磷酸化（OXPHOS）** 相关。以下是与生物学研究方向的潜在关联分析和总结：

---

### **关联分析：**
1. **能量代谢研究**  
   - 该基因编码 **质子转运ATP合酶（F₀部分）**，直接参与线粒体/细菌中ATP生成。若您的研究涉及 **细胞能量稳态、代谢疾病（如线粒体功能障碍）或细菌呼吸链**，此基因可能是关键靶点。

2. **跨膜转运机制**  
   - 作为 **质子跨膜转运体**，其功能可关联到 **膜电位维持、pH调节或次级主动运输**，可能影响细胞信号传导或极端环境适应（如耐酸微生物）。

3. **结构-功能关系**  
   - 若聚焦 **蛋白质复合体组装**（如F₀F₁-ATP合酶），该基因可用于探究亚基互作、质子通道形成或药物（如寡霉素）抑制机制。

4. **进化与比较基因组学**  
   - ATP合酶在真核生物与原核生物中高度保守，适合研究 **基因起源或功能分化**。

---

### **简洁总结：**  
该基因通过 **质子驱动ATP合成** 参与能量代谢，可能关联您课题中的 **线粒体功能、微生物能量转换或膜转运机制**，具体取决于研究背景（如疾病模型、极端环境适应或结构生物学）。建议结合实验验证其表达模式或互作网络。  

如需更精准的关联，请提供您的具体研究方向（如癌症代谢、细菌耐药性等）。"
Ghir_A01G006030,GO:0006811; GO:0055085; GO:0016020; GO:0005216,Biological Process:ion transport; Biological Process:transmembrane transport; Cellular Component:membrane; Molecular Function:ion channel activity,IPR000595; IPR005821; IPR014710; IPR018490,Cyclic nucleotide-binding domain; Ion transport domain; RmlC-like jelly roll fold; Cyclic nucleotide-binding-like,,,,,"为了分析这段基因功能描述与您的研究方向的关联性，请提供您具体的生物学研究课题（例如：神经传导、电解质平衡、心血管疾病等）。不过，基于现有信息，我可以先做一个通用分析框架和初步总结：

---

### **关联性分析框架**
1. **核心功能**  
   - 该基因涉及 **离子跨膜运输**（尤其是通过离子通道），可能参与电信号传导（如神经元/肌肉）、电解质平衡（如肾脏/肠道）或细胞稳态调节（如pH/渗透压）。

2. **细胞定位**  
   - 定位在 **膜结构**（质膜或细胞器膜），提示其可能影响细胞间通讯、膜电位或物质交换。

3. **潜在研究方向**  
   - 若您的研究涉及 **细胞信号传导、代谢疾病、神经退行性疾病或药物靶点开发**（如通道阻滞剂），此基因可能是关键调控因子。

4. **进阶问题**  
   - 该基因是否在特定组织高表达？（如心脏、肾脏、神经系统）  
   - 其突变是否与已知疾病相关？（如囊性纤维化、癫痫、高血压）

---

### **简洁总结**  
该基因编码的蛋白通过调控离子通道活性介导跨膜运输，可能参与电生理活动或离子稳态。若您的研究涉及膜相关信号传导、代谢紊乱或离子依赖性病理过程（如心律失常、神经兴奋异常），此基因值得进一步验证其表达模式与功能机制。

请补充您的具体研究主题，我可以提供更精准的建议！"
Ghir_A03G002620,GO:0006351; GO:0003677; GO:0003899,"Biological Process:transcription, DNA-templated; Molecular Function:DNA binding; Molecular Function:DNA-directed 5'-3' RNA polymerase activity",IPR007066; IPR007081; IPR007083; IPR012756; IPR038120,"RNA polymerase Rpb1, domain 3; RNA polymerase Rpb1, domain 5; RNA polymerase Rpb1, domain 4; DNA-directed RNA polymerase, subunit beta''; RNA polymerase Rpb1, funnel domain superfamily",K03046,DNA-directed RNA polymerase subunit beta' [EC:2.7.7.6],ko00230; ko00240; ko01522; ko03020,Purine metabolism; Pyrimidine metabolism; Endocrine resistance; RNA polymerase,"你的研究课题涉及基因调控、转录或RNA合成相关领域吗？如果涉及，以下是与该基因功能描述的关联分析及总结：

**关联分析：**  
1. **转录调控**：该基因编码的蛋白质具有**DNA结合**和**RNA聚合酶活性**，直接参与**DNA模板转录**，可能调控目标基因的表达。若你的研究关注转录机制、启动子激活或转录因子网络，此基因可能是关键元件。  
2. **RNA合成**：其**5'-3' RNA聚合酶活性**提示它在RNA链延伸中起核心作用，可能影响mRNA生成速率或非编码RNA的合成。  
3. **功能网络拓展**：若你研究信号通路或表型背后的分子机制，该基因可能作为调控节点，连接上游信号与下游基因表达。

**简洁总结：**  
该基因通过DNA结合和RNA聚合酶活性驱动转录，可能直接参与你课题中的基因表达调控或RNA合成过程，尤其适用于研究转录机制、基因网络或RNA相关功能。需结合具体模型（如疾病、发育等）验证其作用。  

如需更精准的关联，请补充你的研究方向细节（如疾病、模式生物或具体科学问题）。"
Ghir_A06G015810,GO:0006412; GO:0005840; GO:0003735,Biological Process:translation; Cellular Component:ribosome; Molecular Function:structural constituent of ribosome,IPR002132; IPR022803,Ribosomal protein L5; Ribosomal protein L5 domain superfamily,,,,,"为了分析该基因功能描述与您的研究方向的关联性，我需要了解您的研究背景（如领域、具体课题或目标）。不过，根据提供的基因功能信息（参与翻译、位于核糖体、作为核糖体结构成分），以下是通用的关联性分析和总结建议：

---

### **关联性分析**
1. **若研究涉及蛋白质合成或翻译调控**  
   - 该基因直接参与翻译过程，可能影响蛋白质表达的效率或准确性。  
   - 可探索其在细胞生长、应激响应或疾病（如癌症、神经退行性疾病）中翻译异常的作用。

2. **若聚焦核糖体生物学或结构**  
   - 作为核糖体的结构成分，该基因对核糖体组装或稳定性至关重要。  
   - 可研究其突变或表达变化如何导致核糖体功能障碍（如核糖体病）。  

3. **若关注基因表达调控**  
   - 核糖体是翻译的核心机器，该基因可能通过调控翻译速率影响全局基因表达谱。  

4. **若研究方向为进化或比较基因组学**  
   - 核糖体基因通常高度保守，分析其序列或功能差异可揭示物种进化关系。  

---

### **简洁总结模板**
**假设您的研究方向是“癌症中翻译失调的机制”**  
> *""该基因编码核糖体的结构组分，直接参与蛋白质翻译过程。其表达或突变可能导致核糖体功能异常，进而影响癌细胞中关键蛋白的合成，与肿瘤进展或治疗耐药性相关。建议进一步验证其在癌症模型中的翻译调控作用。""*

**通用总结**  
> *""此基因作为核糖体的结构成分，在翻译过程中起核心作用。其功能可能与[您的研究方向，如细胞增殖、应激响应、疾病机制等]密切相关，值得通过实验验证其具体调控机制。""*

---

请提供更多关于您的课题细节（如疾病模型、细胞过程等），我可以进一步定制分析！"
Ghir_D06G001750,,,IPR023562; IPR029045,Clp protease proteolytic subunit /Translocation-enhancing protein TepA; ClpP/crotonase-like domain superfamily,K01358,"ATP-dependent Clp protease, protease subunit [EC:3.4.21.92]",ko01522; ko04112; ko04212,Endocrine resistance; Cell cycle - Caulobacter; Longevity regulating pathway - worm,
Ghir_A05G029190,GO:0006457; GO:0031072; GO:0051082; GO:0009408; GO:0005524,Biological Process:protein folding; Molecular Function:heat shock protein binding; Molecular Function:unfolded protein binding; Biological Process:response to heat; Molecular Function:ATP binding,IPR001305; IPR002939; IPR008971; IPR036410; IPR001623; IPR012724; IPR018253; IPR036869,"Heat shock protein DnaJ, cysteine-rich domain; Chaperone DnaJ, C-terminal; HSP40/DnaJ peptide-binding; Heat shock protein DnaJ, cysteine-rich domain superfamily; DnaJ domain; Chaperone DnaJ; DnaJ domain, conserved site; Chaperone J-domain superfamily",K09503,DnaJ homolog subfamily A member 2,ko01522; ko04141,Endocrine resistance; Protein processing in endoplasmic reticulum,"为了更准确地分析该基因功能描述与您研究方向的关联，我需要了解您的具体研究课题。不过，基于提供的基因功能描述，以下是一般性分析和总结：

### 基因功能分析
1. **蛋白折叠与应激响应**  
   - 该基因参与 **蛋白折叠**（Biological Process）和 **热应激响应**（Response to heat），可能属于分子伴侣（如热休克蛋白家族）或与其协作的辅因子，帮助细胞在高温或其他压力条件下维持蛋白质稳态。

2. **分子功能关联**  
   - **热休克蛋白结合**（HSP binding）和 **未折叠蛋白结合**（Unfolded protein binding）表明其可能通过识别错误折叠蛋白，协助其复性或降解。  
   - **ATP结合**（ATP binding）提示该基因产物可能依赖ATP水解提供能量（如HSP70/90系统或蛋白酶体相关蛋白）。

3. **潜在研究方向**  
   - 若您研究 **细胞应激反应、神经退行性疾病（蛋白聚集）、癌症（HSP过表达）或感染（病原体蛋白折叠）**，此基因可能是调控蛋白稳态的关键因子。  
   - 也可能与 **衰老、高温适应性进化或蛋白质质量控制通路** 相关。

---

### 简洁总结  
该基因可能编码一种 **热应激相关的分子伴侣或辅伴侣蛋白**，通过结合未折叠蛋白、依赖ATP的能量驱动机制，参与细胞在压力下的蛋白质量控制。若您的研究涉及 **蛋白质稳态、应激响应或相关疾病**，该基因可能是重要调控靶点。  

如需更精准的关联，请提供您的具体研究背景！"
Ghir_A09G003440,,,,,,,,,
Ghir_D09G004190,GO:0005515,Molecular Function:protein binding,IPR000626; IPR017000; IPR029071; IPR039540; IPR040015,"Ubiquitin domain; Membrane-anchored ubiquitin-fold protein; Ubiquitin-like domain superfamily; UBL3-like, ubiquitin domain; UBL3-like",,,,,"当然可以！请提供更多关于您的具体研究方向或课题背景的信息，这样我可以更准确地分析该基因功能（**蛋白结合**）与您的研究的关联性。  

不过，基于目前的描述，我可以先给出一个初步的分析框架：  

### **基因功能（蛋白结合）的可能关联性分析**  
1. **分子互作网络**：若您研究细胞信号通路、蛋白质复合物或调控网络，该基因可能通过蛋白-蛋白相互作用（PPI）参与关键生物学过程（如信号转导、转录调控、代谢途径等）。  
2. **功能机制**：若您的课题涉及某一生理/病理现象（如癌症、发育异常），该基因可能通过结合特定蛋白（如激酶、转录因子）影响表型。  
3. **技术验证方向**：可考虑酵母双杂交（Y2H）、Co-IP或FRET等实验验证其结合伙伴，进一步明确其功能。  

### **简洁总结**  
该基因的**蛋白结合**功能提示其可能通过与其他分子相互作用参与调控通路或结构组装，具体关联需结合您的研究背景（如疾病模型、通路分析等）进一步定位。  

请补充您的课题细节（例如：研究疾病、通路或特定生物学过程），我将提供更针对性的分析！"
Ghir_A11G021870,,,IPR003319,"ATP synthase YMF19-like, N-terminal",,,ko00190; ko00195; ko01522,Oxidative phosphorylation; Photosynthesis; Endocrine resistance,
Ghir_A02G015530,GO:0003824,Molecular Function:catalytic activity,IPR000873; IPR020845; IPR025110,"AMP-dependent synthetase/ligase; AMP-binding, conserved site; AMP-binding enzyme, C-terminal domain",K01904,4-coumarate--CoA ligase [EC:6.2.1.12],ko00130; ko00360; ko00940,Ubiquinone and other terpenoid-quinone biosynthesis; Phenylalanine metabolism; Phenylpropanoid biosynthesis,"要分析基因的“Molecular Function: catalytic activity”与您生物学研究方向的关联，首先需要明确该描述的核心含义及其潜在的研究价值。以下是逐步解析和总结：

---

### **1. 基因功能描述解析**
- **催化活性（catalytic activity）**：  
  指基因编码的蛋白质（如酶）能够加速特定生化反应的能力。这类基因通常参与代谢途径（如糖酵解、氧化磷酸化）、信号转导（如激酶）或大分子合成/降解（如DNA聚合酶、蛋白酶）。

---

### **2. 与您研究方向的潜在关联**
   - **如果您的研究涉及代谢或酶调控**：  
     该基因可能是关键代谢酶，可探讨其对通路流量、能量平衡或底物转化的影响。  
     **举例**：研究癌症代谢时，催化活性基因（如HK2，己糖激酶）可能调控糖酵解速率。

   - **如果您关注信号通路或翻译后修饰**：  
     催化活性蛋白（如激酶、磷酸酶）可能通过修饰其他蛋白影响细胞功能。  
     **举例**：MAPK通路中的激酶催化活性与细胞增殖直接相关。

   - **如果您研究疾病机制或药物靶点**：  
     许多药物（如抑制剂）靶向催化活性蛋白（如蛋白酶体抑制剂治疗多发性骨髓瘤）。

   - **技术方法关联**：  
     若您使用酶活性测定（如荧光底物降解）、结构生物学（解析催化位点）或突变分析（关键催化残基），此类基因是直接实验对象。

---

### **3. 简洁总结**
该基因的催化活性功能提示它可能通过以下方面与您的研究相关：  
1. **代谢调控**：作为关键酶驱动特定生化反应；  
2. **信号转导**：通过催化修饰调控其他分子；  
3. **疾病机制/治疗**：作为潜在药物靶点或病理标志物；  
4. **实验验证**：可通过酶活性实验或结构分析深入研究。  

**建议**：结合您的具体课题（如疾病模型、通路名称或表型），进一步筛选与该基因相关的已知通路或表型数据，以明确关联性。"
Ghir_D09G022170,GO:0055114; GO:0046872; GO:0016491; GO:0016702; GO:0005515,"Biological Process:oxidation-reduction process; Molecular Function:metal ion binding; Molecular Function:oxidoreductase activity; Molecular Function:oxidoreductase activity, acting on single donors with incorporation of molecular oxygen, incorporation of two atoms of oxygen; Molecular Function:protein binding",IPR000907; IPR001024; IPR001246; IPR013819; IPR020833; IPR020834; IPR027433; IPR036226; IPR036392,"Lipoxygenase; PLAT/LH2 domain; Lipoxygenase, plant; Lipoxygenase, C-terminal; Lipoxygenase, iron binding site; Lipoxygenase, conserved site; Lipoxygenase, domain 3; Lipoxigenase, C-terminal domain superfamily; PLAT/LH2 domain superfamily",K15718,linoleate 9S-lipoxygenase [EC:1.13.11.58],ko00591,Linoleic acid metabolism,"### 关联性分析

您的基因功能描述涉及多个关键生物学过程与分子功能，可能关联以下研究方向：

1. **氧化还原调控**  
   - **氧化还原过程**与**氧化还原酶活性**（尤其是加氧酶活性）提示该基因可能参与细胞代谢（如能量代谢、解毒反应）或氧化应激响应。若您的研究涉及自由基清除、抗氧化防御或氧化损伤修复（如衰老、神经退行性疾病），此基因可能是重要调控因子。

2. **金属离子结合与酶功能**  
   - **金属离子结合**能力暗示其活性可能依赖铁（Fe）、铜（Cu）等辅因子，常见于血红素蛋白或金属酶。若您研究金属稳态（如铁死亡）、酶催化机制（如细胞色素P450家族药物代谢），或重金属毒性，此功能具有直接关联。

3. **氧原子掺入反应**  
   - 特异性分子功能显示该酶可能催化底物羟基化或氧化（如类固醇合成、芳香化合物降解）。若您关注次级代谢产物合成（植物/微生物）、环境污染物分解或药物前体激活，此基因可能参与相关通路。

4. **蛋白质相互作用**  
   - **蛋白结合**能力提示其可能参与复合体组装或信号转导。若研究涉及蛋白互作网络（如应激响应通路、翻译后修饰调控），可进一步探索其结合伴侣。

### 简洁总结  
该基因编码一种金属依赖的氧化还原酶，通过掺入氧原子催化底物氧化，并可能通过蛋白互作调控代谢或应激通路。若您的研究涉及氧化代谢、金属酶机制、环境适应性或相关疾病（如癌症、神经退行性疾病），该基因可能是关键靶点。建议结合具体模型验证其上下游调控网络。  

如需更精准的分析，请提供您的研究方向关键词（如特定通路、疾病或生物体）。"
Ghir_Scaffold2123G000010,,,,,,,,,
Ghir_D07G008550,GO:0005509,Molecular Function:calcium ion binding,IPR002048; IPR011992; IPR018247; IPR039647,"EF-hand domain; EF-hand domain pair; EF-Hand 1, calcium-binding site; EF-hand domain pair protein CML-like",,,ko04626,Plant-pathogen interaction,"### 分析基因功能描述与研究方向的关联

1. **钙离子结合（Calcium Ion Binding）的分子功能**：  
   - 钙离子（Ca²⁺）是细胞内重要的第二信使，参与多种信号转导途径（如钙调蛋白依赖通路、神经元电活动、肌肉收缩等）。  
   - 钙结合蛋白（如钙调蛋白、S100蛋白、肌钙蛋白等）通过结合钙离子调控下游靶蛋白的活性，影响细胞增殖、分化、凋亡等过程。  
   - 若您的研究涉及细胞信号传导、神经生物学、肌肉生理学或免疫响应（如炎症中钙信号的作用），该基因功能可能与您的课题直接相关。

2. **潜在研究方向关联举例**：  
   - **神经退行性疾病**：钙结合蛋白异常与阿尔茨海默病、帕金森病中钙稳态失衡相关。  
   - **癌症**：钙信号失调可能影响肿瘤细胞迁移或化疗耐药性。  
   - **植物抗逆性**：植物钙结合蛋白（如CMLs）在干旱或病原体响应中的作用。  

---

### **简洁总结**  
若您的课题涉及钙依赖性细胞过程（如信号传导、运动、应激响应），该基因的钙离子结合功能可能是调控相关通路的关键分子基础。建议进一步验证该基因在您的模型系统中的表达模式或互作网络，以明确其具体作用机制。  

（注：如需更精准的关联分析，请提供您的具体研究方向或生物学背景。）"
Ghir_A10G006310,,,,,,,,,
Ghir_Scaffold2988G000010,,,,,,,,,
Ghir_A07G025130,,,,,,,,,
Ghir_Scaffold1081G000020,,,,,,,,,
Ghir_A10G010530,,,,,,,,,
Ghir_D11G003190,GO:0006650; GO:0004366; GO:0016746,"Biological Process:glycerophospholipid metabolic process; Molecular Function:glycerol-3-phosphate O-acyltransferase activity; Molecular Function:transferase activity, transferring acyl groups",IPR002123; IPR016222; IPR023083; IPR038114,"Phospholipid/glycerol acyltransferase; Glycerol-3-phosphate O-acyltransferase, chloroplast; Glycerol-3-phosphate O-acyltransferase, alpha helical bundle, N-terminal; GPAT, N-terminal domain superfamily",K00630,glycerol-3-phosphate O-acyltransferase [EC:2.3.1.15],ko00561; ko00564; ko01522,Glycerolipid metabolism; Glycerophospholipid metabolism; Endocrine resistance,"为了更准确地分析该基因功能描述与您研究方向的关联性，我需要了解您具体的生物学研究课题方向（如代谢疾病、膜生物学、脂质信号传导等）。不过，基于当前提供的基因功能信息，我可以进行以下通用分析：

**关联性分析：**
1. **脂质代谢研究**  
   该基因参与甘油磷脂代谢（细胞膜主要成分），若您的研究涉及脂质代谢调控、膜结构动态或脂质储存疾病（如非酒精性脂肪肝），其酰基转移酶活性可能是关键分子靶点。

2. **能量稳态与代谢疾病**  
   甘油-3-磷酸酰基转移酶（GPAT）是甘油三酯合成的限速酶，与肥胖、胰岛素抵抗相关。若您关注代谢综合征，该基因可能是能量平衡研究的潜在候选。

3. **膜相关信号传导**  
   甘油磷脂代谢产物（如PA、DAG）是第二信使分子，若您研究细胞信号通路（如GPCR或炎症通路），该基因可能通过调节脂质介质影响下游事件。

**简洁总结：**  
该基因通过催化甘油磷脂合成中的酰基转移反应，直接参与细胞膜组成和脂质信号分子生成，可能关联您研究中与膜动态、代谢调控或脂介导信号传导相关的机制。如需精准结论，请补充具体研究方向。"
Ghir_A12G002420,GO:0006412; GO:0015934; GO:0005840; GO:0003735,Biological Process:translation; Cellular Component:large ribosomal subunit; Cellular Component:ribosome; Molecular Function:structural constituent of ribosome,IPR000218; IPR005745; IPR019972; IPR036853,"Ribosomal protein L14P; Ribosomal protein L14P, bacterial-type; Ribosomal protein L14P,  conserved site; Ribosomal protein L14 superfamily",K02874,large subunit ribosomal protein L14,ko01522; ko03010,Endocrine resistance; Ribosome,"根据您提供的基因功能描述，该基因主要参与**翻译（translation）**过程，并作为**核糖体大亚基（large ribosomal subunit）**的**结构组分（structural constituent of ribosome）**，属于核糖体的核心组成部分。以下是其与您研究方向的潜在关联分析及总结：

---

### **关联分析与总结**
1. **核心功能关联**  
   - 若您的研究涉及**蛋白质合成机制、翻译调控或核糖体组装**，该基因是直接相关的靶点，可能影响细胞全局蛋白质表达。  
   - 若关注**基因表达调控**（如应激响应、细胞周期），核糖体功能变化可能通过翻译效率影响表型。

2. **结构与功能研究**  
   - 适合探索**核糖体结构-功能关系**（如突变对翻译保真度的影响）或**抗生素靶点**（某些药物通过抑制核糖体功能发挥作用）。

3. **疾病或进化方向**  
   - 核糖体基因突变常关联**核糖体病（ribosomopathies）**或癌症；保守性分析可能揭示进化中的功能约束。

---

### **简洁总结**  
该基因编码核糖体大亚基的结构蛋白，是翻译过程的核心元件。若您的研究涉及蛋白质合成、翻译调控、核糖体相关疾病或结构生物学，该基因可能作为关键分子靶点；若方向偏离这些领域，则关联性较低。  

如需更精准分析，请补充您的研究主题或关键词（如“癌症代谢”“细菌耐药性”等）。"
Ghir_A13G017170,GO:0006412; GO:0015935; GO:0003735,Biological Process:translation; Cellular Component:small ribosomal subunit; Molecular Function:structural constituent of ribosome,IPR000235; IPR005717; IPR023798; IPR036823,"Ribosomal protein S5/S7; Ribosomal protein S7, bacterial/organellar-type; Ribosomal protein S7 domain; Ribosomal protein S7 domain superfamily",K02992,small subunit ribosomal protein S7,ko01522; ko03010,Endocrine resistance; Ribosome,"### 分析基因功能描述与生物学研究方向的关联  

1. **生物过程（Biological Process）**：**翻译（translation）**  
   - 该基因参与蛋白质合成过程，是基因表达调控的核心环节。若您的研究涉及蛋白质合成调控、基因表达机制（如转录后调控）或细胞代谢，此基因可能是关键研究对象。  
   - 关联方向示例：  
     - 翻译效率与疾病（如癌症、神经退行性疾病）的关系  
     - 抗生素靶点（核糖体功能抑制）  
     - 细胞应激反应（如热休克蛋白的翻译调控）  

2. **细胞组分（Cellular Component）**：**小核糖体亚基（small ribosomal subunit）**  
   - 该基因产物位于核糖体的小亚基（原核为30S，真核为40S），直接影响翻译起始和mRNA解码。  
   - 若您关注核糖体组装异常、亚基特异性功能或细胞器动态，此基因可能提供结构或功能线索。  

3. **分子功能（Molecular Function）**：**核糖体结构组分（structural constituent of ribosome）**  
   - 该基因编码核糖体的结构蛋白，对维持核糖体完整性和功能至关重要。  
   - 可关联方向：  
     - 核糖体病（ribosomopathies，如 Diamond-Blackfan 贫血）  
     - 进化保守性分析（如原核与真核核糖体差异）  

---

### **简洁总结**  
该基因编码核糖体小亚基的结构蛋白，直接参与翻译过程。若您的研究涉及 **蛋白质合成机制、核糖体功能/疾病、基因表达调控或抗生素靶点**，此基因可能具有重要研究价值。需进一步结合具体课题（如疾病模型、进化分析或药物开发）验证其作用。  

是否需要更具体的应用场景建议？"
Ghir_D11G008980,GO:0006355; GO:0005634; GO:0003677; GO:0003700; GO:0046983,"Biological Process:regulation of transcription, DNA-templated; Cellular Component:nucleus; Molecular Function:DNA binding; Molecular Function:DNA-binding transcription factor activity; Molecular Function:protein dimerization activity",IPR002100; IPR002487; IPR036879,"Transcription factor, MADS-box; Transcription factor, K-box; Transcription factor, MADS-box superfamily",K09260,MADS-box transcription enhancer factor 2A,ko01522; ko04013; ko04022; ko04371; ko04928; ko05418,"Endocrine resistance; MAPK signaling pathway - fly; cGMP-PKG signaling pathway; Apelin signaling pathway; Parathyroid hormone synthesis, secretion and action; Fluid shear stress and atherosclerosis","### 分析基因功能描述与研究方向的关联

1. **Biological Process: regulation of transcription, DNA-templated**  
   - 该基因参与调控DNA模板的转录过程，表明它在基因表达的调控中起关键作用。如果你的研究方向涉及基因表达调控、转录机制或信号通路对转录的影响，这一功能与你的研究高度相关。

2. **Cellular Component: nucleus**  
   - 基因产物位于细胞核内，进一步支持其直接参与转录调控。如果你的研究关注核内事件（如染色质重塑、转录因子招募等），这一信息非常有用。

3. **Molecular Function: DNA binding**  
   - 基因产物能够直接结合DNA，可能是通过与启动子、增强子或其他调控序列相互作用。如果你的研究涉及DNA-蛋白质相互作用或基因调控元件的功能，这一特性很重要。

4. **Molecular Function: DNA-binding transcription factor activity**  
   - 明确该基因产物是转录因子，能够通过结合DNA调控下游基因的表达。如果你的研究方向包括转录因子网络、基因调控层次或特定通路（如发育、应激响应等），这一功能是核心关联点。

5. **Molecular Function: protein dimerization activity**  
   - 基因产物能够形成二聚体，可能与其他转录因子或辅因子协同作用。如果你的研究涉及蛋白质相互作用、转录复合体组装或信号整合，这一功能值得关注。

---

### 简洁总结  
该基因编码一个核定位的转录因子，能够通过结合DNA和形成二聚体调控转录过程。若你的研究方向涉及**基因表达调控、转录因子功能、DNA-蛋白质相互作用或细胞核内的信号整合**，该基因可能是关键研究对象。其功能特别适用于研究转录级联反应、发育调控或疾病相关的转录失调。"
Ghir_A10G010930,,,IPR007736,Caleosin-related,K17991,peroxygenase [EC:1.11.2.3],ko00073,"Cutin, suberine and wax biosynthesis",
Ghir_D08G019350,GO:0055114; GO:0016491,Biological Process:oxidation-reduction process; Molecular Function:oxidoreductase activity,IPR005123; IPR026992; IPR027443,Oxoglutarate/iron-dependent dioxygenase; Non-haem dioxygenase N-terminal domain; Isopenicillin N synthase-like,K05277,anthocyanidin synthase [EC:1.14.20.4],ko00941,Flavonoid biosynthesis,"为了更准确地分析该基因功能描述与您研究方向的关联性，我需要了解您具体的生物学研究课题。不过，基于您提供的基因功能描述（氧化还原过程和氧化还原酶活性），我可以给出一个通用的分析框架和总结建议：

---
**关联性分析框架：**
1. **代谢途径研究**  
   若您的研究涉及能量代谢（如糖酵解、TCA循环、线粒体电子传递链）、解毒机制（如细胞色素P450）或抗氧化防御系统（如SOD、过氧化氢酶），该基因可能直接参与这些氧化还原相关的核心通路。

2. **疾病机制**  
   氧化应激是许多疾病（神经退行性疾病、癌症、心血管疾病）的关键因素。该基因的氧化还原功能可能与您研究的疾病模型中的自由基调控、细胞损伤或信号转导相关。

3. **微生物/植物适应性**  
   若研究环境应激（如耐盐、耐旱）或微生物致病性（如病原体抵抗宿主免疫产生的活性氧），此类基因可能参与应激响应途径。

4. **合成生物学应用**  
   氧化还原酶常用于生物工程（如生物燃料生产、化学品合成），若您涉及酶工程或代谢改造，该基因可能是潜在的催化元件。

---
**简洁总结建议（需根据具体方向调整）：**  
""该基因编码的氧化还原酶可能通过参与[具体代谢途径/应激响应/电子传递等]过程，与您研究的[XX疾病/XX代谢调控/XX环境适应]机制相关，尤其在调控[自由基水平/NAD(P)H平衡/底物氧化]中发挥潜在作用。""

---
**下一步建议：**  
若您能提供更具体的研究方向（如疾病类型、模型生物或目标通路），我可进一步细化分析，例如：  
- 若研究癌症，可关注该基因是否影响ROS介导的细胞增殖/凋亡；  
- 若研究植物抗逆，可关联到ABA信号或抗氧化酶系统。

希望此框架对您有所启发！"
Ghir_A04G005840,GO:0006412; GO:0015935; GO:0003723; GO:0003735,Biological Process:translation; Cellular Component:small ribosomal subunit; Molecular Function:RNA binding; Molecular Function:structural constituent of ribosome,IPR000235; IPR005717; IPR020606; IPR023798; IPR036823,"Ribosomal protein S5/S7; Ribosomal protein S7, bacterial/organellar-type; Ribosomal protein S7, conserved site; Ribosomal protein S7 domain; Ribosomal protein S7 domain superfamily",K02992,small subunit ribosomal protein S7,ko01522; ko03010,Endocrine resistance; Ribosome,"### 分析基因功能描述与生物学研究方向的关联

1. **翻译（Biological Process: translation）**  
   - 该基因参与蛋白质合成的翻译过程，这是细胞中最基本的生物学过程之一。如果你的研究方向涉及蛋白质合成、基因表达调控、或翻译机制（如翻译起始、延伸、终止等），该基因可能与你的课题直接相关。

2. **小核糖体亚基（Cellular Component: small ribosomal subunit）**  
   - 该基因定位于小核糖体亚基（如原核生物的30S或真核生物的40S亚基），表明其在核糖体组装或功能中起关键作用。如果你的研究涉及核糖体结构、组装异常导致的疾病（如核糖体病）、或抗生素靶点（如某些抗生素抑制小亚基功能），这一信息非常重要。

3. **RNA结合与核糖体结构（Molecular Function）**  
   - **RNA binding**：提示该基因可能参与mRNA或rRNA的识别/结合（如16S rRNA在原核小亚基中的作用）。  
   - **Structural constituent of ribosome**：直接表明该基因编码核糖体的结构组分（如 ribosomal protein）。  
   - 若你研究RNA-蛋白质相互作用、翻译效率调控、或核糖体相关疾病（如 Diamond-Blackfan贫血，与核糖体蛋白突变相关），这些功能非常相关。

---

### **简洁总结**  
该基因编码核糖体小亚基的结构蛋白，通过结合RNA参与翻译过程。若你的研究涉及以下方向，则高度相关：  
1. 蛋白质合成机制（如翻译调控、核糖体功能）；  
2. 核糖体结构或组装异常相关疾病；  
3. RNA-蛋白质互作或抗生素靶点研究。  
若方向为其他领域（如代谢、信号转导），则关联性较低。  

（注：如需更精准分析，请补充你的具体研究方向。）"
Ghir_D10G026560,GO:0046872; GO:0005515,Molecular Function:metal ion binding; Molecular Function:protein binding,IPR000571; IPR002110; IPR020683; IPR036770,"Zinc finger, CCCH-type; Ankyrin repeat; Ankyrin repeat-containing domain; Ankyrin repeat-containing domain superfamily",,,,,"为了更准确地分析该基因功能描述与您研究方向的关联性，我需要了解您具体的生物学研究课题方向（如神经退行性疾病、植物耐重金属、癌症信号传导等）。以下是基于通用场景的关联性分析和模块化总结模板：

---

### **关联性分析**
1. **金属离子结合（Metal ion binding）**  
   - 若您研究涉及金属代谢疾病（如威尔逊病）、金属酶催化机制或重金属解毒（如植物修复），该功能直接关联金属稳态调控。  
   - 在神经生物学中，可能与β-淀粉样蛋白（如Zn²⁺结合）或帕金森病（Fe²⁺代谢）相关。  
   - 若研究方向为微生物冶金或纳米材料合成，该功能可能参与生物矿化过程。

2. **蛋白质结合（Protein binding）**  
   - 若您关注信号通路（如激酶/磷酸酶复合体）、转录调控或蛋白质降解（泛素化途径），此功能可能指向关键接头蛋白或支架蛋白。  
   - 在癌症研究中，可能参与致癌蛋白（如Ras）的相互作用网络。  
   - 若研究宿主-病原体互作，可能涉及病原体效应蛋白与宿主靶标的结合。

---

### **简洁总结模板**
**若您的研究方向是【XXX领域】**：  
该基因的金属离子结合和蛋白质互作功能提示其可能在【具体过程，如氧化应激响应/信号转导】中发挥双重作用，例如通过结合【特定离子，如Cu²⁺/Zn²⁺】调控【目标蛋白】的活性，进而影响【表型/通路名称】。

---

请提供您的具体研究方向，我将进一步定制分析！例如：  
- 若研究**阿尔茨海默病**，可探讨该基因是否通过Zn²⁺结合影响β-淀粉样蛋白聚集；  
- 若研究**植物耐铝毒**，可分析其是否编码铝螯合蛋白或调控蛋白复合体。"
Ghir_Scaffold3028G000080,,,,,,,,,
Ghir_D10G017040,,,IPR007736,Caleosin-related,K17991,peroxygenase [EC:1.11.2.3],ko00073,"Cutin, suberine and wax biosynthesis",
Ghir_D01G017480,GO:0015991; GO:0015986; GO:0045263; GO:0033177; GO:0015078,"Biological Process:ATP hydrolysis coupled proton transport; Biological Process:ATP synthesis coupled proton transport; Cellular Component:proton-transporting ATP synthase complex, coupling factor F(o); Cellular Component:proton-transporting two-sector ATPase complex, proton-transporting domain; Molecular Function:proton transmembrane transporter activity",IPR000454; IPR002379; IPR005953; IPR035921; IPR038662,"ATP synthase, F0 complex, subunit C; V-ATPase proteolipid subunit C-like domain; ATP synthase, F0 complex, subunit C, bacterial/chloroplast; F/V-ATP synthase subunit C superfamily; F1F0 ATP synthase subunit C superfamily",,,ko00190; ko00195; ko01522,Oxidative phosphorylation; Photosynthesis; Endocrine resistance,"您的基因功能描述涉及**线粒体或细菌中的ATP合成酶/质子泵（F-type ATPase）**的核心功能，与能量代谢（ATP合成/水解）和跨膜质子转运直接相关。以下是根据不同研究方向的潜在关联分析：

---

### **关键关联点总结：**
1. **能量代谢机制**  
   - 若您研究细胞能量稳态（如线粒体功能、氧化磷酸化、细菌产能），该基因编码的**F₀F₁-ATP合酶**是关键分子机器，催化ATP合成与水解，并依赖质子梯度（化学渗透偶联）。

2. **跨膜转运与膜生物学**  
   - 若关注膜蛋白（如质子泵、转运体）的结构与功能，该基因的**质子跨膜转运活性**和**多亚基复合体组装**（F₀质子通道）可为模型系统。

3. **疾病或胁迫响应**  
   - 若涉及线粒体疾病、神经退行性疾病或细菌耐药性，该基因的功能异常可能导致ATP不足或质子泄漏，影响细胞存活。

4. **合成生物学或生物工程**  
   - 若设计人工能量转换系统（如合成ATP工厂），可借鉴其**质子驱动旋转催化机制**的仿生应用。

---

### **简洁总结：**  
该基因编码**F-type ATP合酶的质子转运组分（F₀）**，通过偶联质子跨膜运输与ATP合成/水解，驱动细胞能量转换。若您的研究涉及**能量代谢、膜转运、相关疾病或生物工程**，该基因可能是核心调控靶点或机制模型。

如需进一步细化，请补充您的具体研究方向（如疾病模型、分子机制等）。"
Ghir_A05G043160,,,,,,,,,
Ghir_A07G020080,,,,,,,,,
Ghir_D08G025180,GO:0006486; GO:0016020; GO:0008378,Biological Process:protein glycosylation; Cellular Component:membrane; Molecular Function:galactosyltransferase activity,IPR002659; IPR025298,"Glycosyl transferase, family 31; Domain of unknown function DUF4094",K20855,"beta-1,3-galactosyltransferase 1/2/3/4/5/7/8 [EC:2.4.1.-]",ko01522,Endocrine resistance,"为了分析这段基因功能描述与您的研究方向的关联性，请提供您具体的研究课题或方向（例如：疾病机制、细胞信号传导、糖生物学等）。不过，基于现有信息，我可以先做一个通用分析：

### 关联性分析
1. **蛋白糖基化**（Protein glycosylation）  
   - 若您的研究涉及翻译后修饰、细胞间通讯、免疫识别或蛋白质功能调控，该基因可能参与这些过程。糖基化异常常与癌症、神经退行性疾病或感染机制相关。

2. **膜定位**（Membrane）  
   - 若课题聚焦膜蛋白功能（如受体、细胞粘附）、分泌途径或细胞外基质，该基因的膜定位表明其可能参与膜相关信号传导或物质运输。

3. **半乳糖基转移酶活性**（Galactosyltransferase activity）  
   - 直接关联糖链合成（如糖蛋白/糖脂修饰），若研究方向涉及糖生物学、血型抗原、病原体-宿主相互作用（如病毒利用糖链入侵），此功能至关重要。

---

### 简洁总结  
该基因通过**半乳糖基转移酶活性**在**膜结构**中催化蛋白糖基化，可能影响细胞间识别、信号传递或糖链合成途径。若您的研究涉及糖基化修饰、膜蛋白功能或相关疾病机制（如先天性糖基化障碍），该基因值得进一步探索。  

请补充具体研究方向，我将提供更精准的关联分析！"
Ghir_A12G011670,,,IPR001841; IPR013083,"Zinc finger, RING-type; Zinc finger, RING/FYVE/PHD-type",,,ko01522,Endocrine resistance,
Ghir_D08G002180,GO:0016866,Molecular Function:intramolecular transferase activity,IPR002365; IPR008930; IPR018333; IPR032696; IPR032697,"Terpene synthase, conserved site; Terpenoid cyclases/protein prenyltransferase alpha-alpha toroid; Squalene cyclase; Squalene cyclase, C-terminal; Squalene cyclase, N-terminal",K01853,cycloartenol synthase [EC:5.4.99.8],ko00100,Steroid biosynthesis,"好的，我将从生物学角度分析这一基因功能描述的可能关联，并为您提供一个简洁的总结框架：

分析关联性：
1. 核心功能定位
- 该基因编码的蛋白具有""分子内转移酶""活性，意味着它能催化同一分子内化学基团的转移（如磷酸基、甲基或糖基等）
- 常见于代谢调控、信号转导或翻译后修饰途径

2. 潜在研究方向关联
√ 若您研究代谢通路：可能参与代谢中间产物的转化
√ 若您研究表观遗传：可能与组蛋白/DNA修饰酶相关
√ 若您研究信号传导：可能是变构调节的关键酶
√ 若您研究蛋白折叠/功能：可能影响蛋白构象变化

3. 技术应用价值
- 可作为生物合成的工程化靶点
- 可能涉及疾病相关突变位点

简洁总结模板：
""该基因的分子内转移酶功能提示其可能参与（具体研究方向，如：代谢物重构/表观调控/信号转导）的分子机制。其酶活特性为解析（您的具体科学问题）提供了潜在作用靶点，值得通过（实验方法，如：酶活测定/结构解析）进一步验证其在（您的模型系统）中的生物学角色。""

建议补充信息：
如需更精准的关联分析，请提供：
1. 您的具体研究领域（如肿瘤代谢/神经发育等）
2. 关注的生物过程（如糖酵解/甲基化调控等）
3. 使用的实验系统（如细胞系/模式动物等）"
Ghir_A09G005440,GO:0006412; GO:0005622; GO:0005840; GO:0003735,Biological Process:translation; Cellular Component:intracellular; Cellular Component:ribosome; Molecular Function:structural constituent of ribosome,IPR006032; IPR012340,"Ribosomal protein S12/S23; Nucleic acid-binding, OB-fold",K02950,small subunit ribosomal protein S12,ko01522; ko03010,Endocrine resistance; Ribosome,"### 分析基因功能描述与生物学研究方向的关联

1. **Biological Process: translation**  
   - **关联**：该基因参与“翻译”过程，即蛋白质的生物合成。如果你的研究方向涉及基因表达调控、蛋白质合成机制、或翻译水平的调控（如mRNA翻译效率、翻译后修饰等），该基因可能直接相关。  
   - **潜在课题**：翻译失调与疾病（如癌症、神经退行性疾病）、翻译效率与环境应激响应、核糖体功能异常等。

2. **Cellular Component: ribosome**  
   - **关联**：该基因定位于核糖体，核糖体是蛋白质合成的核心机器。若研究涉及核糖体结构、组装、功能（如核糖体病）、或亚基特异性作用（如线粒体核糖体与细胞质核糖体的差异），此基因可能是关键对象。  
   - **潜在课题**：核糖体生物发生缺陷、抗生素靶向核糖体的机制、核糖体与细胞增殖的关系。

3. **Molecular Function: structural constituent of ribosome**  
   - **关联**：该基因编码核糖体的结构组分，直接影响核糖体的完整性和功能。若研究聚焦于核糖体蛋白质的突变影响（如导致翻译错误或停滞）、或核糖体结构-功能关系（如冷冻电镜研究），此基因值得关注。  
   - **潜在课题**：核糖体蛋白突变与遗传疾病、核糖体结构动态性与翻译保真度。

---

### **简洁总结**  
该基因编码核糖体的结构蛋白，直接参与翻译过程。若你的研究方向涉及**蛋白质合成机制、核糖体功能/结构、翻译调控或相关疾病**（如核糖体病、癌症），此基因可能是关键分子。可进一步探究其突变、表达调控或与其他因子的相互作用。  

（注：若提供具体研究方向，可进一步细化关联性。）"
Ghir_A03G013420,,,IPR006461,PLAC8 motif-containing protein,,,,,
Ghir_Scaffold1986G000010,,,,,,,,,
Ghir_D11G030210,,,,,,,,,
Ghir_D02G014670,,,IPR006461,PLAC8 motif-containing protein,,,,,
Ghir_A04G014510,GO:0015986; GO:0045263; GO:0015078,"Biological Process:ATP synthesis coupled proton transport; Cellular Component:proton-transporting ATP synthase complex, coupling factor F(o); Molecular Function:proton transmembrane transporter activity",IPR000568; IPR023011; IPR035908,"ATP synthase, F0 complex, subunit A; ATP synthase, F0 complex, subunit A, active site; ATP synthase, F0 complex, subunit A superfamily",,,ko00190; ko00195; ko01522,Oxidative phosphorylation; Photosynthesis; Endocrine resistance,"您的基因功能描述涉及 **ATP合成偶联的质子转运**，主要与 **线粒体或细菌中的氧化磷酸化（OXPHOS）** 相关。以下是与生物学研究方向的潜在关联分析和总结：

---

### **关联分析：**
1. **能量代谢研究**  
   - 该基因编码 **质子转运ATP合酶（F₀部分）**，直接参与线粒体/细菌中ATP生成。若您的研究涉及 **细胞能量稳态、代谢疾病（如线粒体功能障碍）或细菌呼吸链**，此基因可能是关键靶点。

2. **跨膜转运机制**  
   - 作为 **质子跨膜转运体**，其功能可关联到 **膜电位维持、pH调节或次级主动运输**，可能影响细胞信号传导或极端环境适应（如耐酸微生物）。

3. **结构-功能关系**  
   - 若聚焦 **蛋白质复合体组装**（如F₀F₁-ATP合酶），该基因可用于探究亚基互作、质子通道形成或药物（如寡霉素）抑制机制。

4. **进化与比较基因组学**  
   - ATP合酶在真核生物与原核生物中高度保守，适合研究 **基因起源或功能分化**。

---

### **简洁总结：**  
该基因通过 **质子驱动ATP合成** 参与能量代谢，可能关联您课题中的 **线粒体功能、微生物能量转换或膜转运机制**，具体取决于研究背景（如疾病模型、极端环境适应或结构生物学）。建议结合实验验证其表达模式或互作网络。  

如需更精准的关联，请提供您的具体研究方向（如癌症代谢、细菌耐药性等）。"
Ghir_A05G033340,,,,,,,,,
Ghir_A12G028800,,,,,,,,,
Ghir_A09G005210,GO:0019684; GO:0009767; GO:0016020; GO:0009521; GO:0016168,"Biological Process:photosynthesis, light reaction; Biological Process:photosynthetic electron transport chain; Cellular Component:membrane; Cellular Component:photosystem; Molecular Function:chlorophyll binding",IPR000932; IPR036001,Photosystem antenna protein-like; Photosystem antenna protein-like superfamily,K02704,photosystem II CP47 chlorophyll apoprotein,ko00195; ko01522,Photosynthesis; Endocrine resistance,"您的基因功能描述涉及光合作用、光反应、光合电子传递链、膜结构、光系统以及叶绿素结合，这表明您的研究方向可能与植物生物学、光合机制或光能转化相关。以下是简洁总结：

**关联总结**：  
该基因核心功能为参与光合作用的光反应阶段（电子传递链、叶绿素结合），定位于膜结合的光系统复合体。若您的研究涉及 **植物能量代谢、光合效率调控、光系统结构/功能** 或 **人工光合作用**，此基因可能是关键靶点。若方向为 **非光生物**（如动物/微生物），可探讨其同源蛋白的电子传递功能或膜蛋白演化意义。  

**潜在应用方向**：  
- 作物光合效能改良  
- 光系统损伤修复机制  
- 生物能源（如光合制氢）  
- 叶绿素相关传感器设计  

如需更精准分析，请补充您的研究背景。"
Ghir_D01G014150,,,,,,,,,
